"","G135I","G146B","G146G","M74G","M91H","G150H","M91E","G73G","G133D","G133H","M74H","G135A","G150A","M91B","G85I","G97E","G97H","G97I","G51A","G51C","G117B","G117D","G117F","G117H","G117I","G117J","G117K","R189F","R190-1H","R190-2K","R190-2L","R190-2N","R190-2O","R191E","R198G1","R198I1","R198J","R198M1","R203B1","R203C","R203G1","R210-1I","R210-1L","R210-2D","R210-2F","R210-2H","R210-2K","R151E","R151K","R157C","R157D","R157G","R157H","G125C","G125E","G125F","G125G","G125H","G125J","R189D","R207K","R210-1A","R210-1F","R210-1G","R151M","R157A","G117L","G12B","G12C","G12E","G23B","G23B1","G23C","G23F","P184_285504","P184_285527","G148I","G148L","R139E","R139H","R139I","G122B","G122F","R205D1","R139D","G122D","G122K","G35C","G35D","G35E","G45H","G45K","G45L","G45M","G5B","G5C","G5D","G5F","G5G","G5I","G72A","P108_358411","P191_41114","P191_41126","P191_41133","P191_42407","G29C","G29E","G29G","G29H","G37H","G37J","G40A","G40D","G40E","G40F","G40I","G40K","G40M","G44A","G44F","G44G","G90D","G95E","G95F","P059_112194","P059_112327","P129_375688","P129_375970","P129_375973","P129_376050","P129_376085","P129_376165","P129_376176","P129_376304","P129_376322","P152_374528","P152_387720","P152_387930","P152_387947","P152_387979","P152_388519","P152_388615","P190_359227","P190_359261","P190_359287","P190_359313","P190_359388"
"NME1-NME2",2.06165263898204,2.12792938372761,3.55636631431068,0.305093028156301,-1.43089679757712,0.921627572354669,-0.532800827167406,1.01289324013501,-1.94757779793146,0.998848724178427,1.19352069905055,0.479974820163393,-1.68581348835816,-1.81055895679029,-5.39485247151685,-5.39970231278688,-5.96850336867459,-5.46069822197901,1.43511063803899,1.31415367088521,2.02438918661795,3.88585016189175,4.23475415190232,3.32738208928008,3.85570206244582,4.09063691926501,3.76651121700644,0.504826090744236,-0.294010211933278,-3.5595946230546,-1.57563071137179,0.874790856029415,0.853538812386217,1.53119899087544,1.28728893833805,1.59129936156183,1.01821873013527,0.122374140218064,-1.63087720135481,0.15362896921258,-0.924050078039709,-0.513799276387051,0.567910659701918,0.60563868207922,-0.14659526015422,-0.599697183734439,-0.56641406050814,0.87424418015622,2.16802745594029,-0.0133324396903973,-0.798300530673531,-0.806801161149707,-0.0597140941454321,0.663270980302016,0.598767841950731,0.692704802366998,1.32898297828315,0.0611559965419321,0.551119834754995,1.08556235866735,-0.42483649144989,-1.23548094869218,0.167590573005291,0.259434765917637,1.57035026695721,-0.324753922632387,3.08863260529196,-5.84919575661201,-5.53381913964969,-5.45264281962208,-5.16183430117326,-5.10182918090297,-5.42134771746528,-5.24697120534758,-5.98439932120678,-5.45282356612482,-0.488921590910539,0.310628800867299,-0.653024788929901,-0.729472378638474,0.0646603365331672,-0.658183883458665,-0.55138563881131,-1.70214200188035,0.398337765799744,-1.6646123336481,-3.31013507726449,-5.13317339862409,-5.27794289129991,-5.66198155335271,-5.45392082217303,-5.60462347588493,-5.40143607406283,-5.69099011635786,-5.86429024123969,-5.62465632478442,-5.60406323891341,-5.51483149612118,-5.38861627022901,-4.95419346403536,-6.17229211876309,-6.13798742100081,-5.90817112284285,-5.46586040778214,-5.95116649783713,-5.71706999886121,-5.61304179436185,-5.92777219361133,-5.50917131367897,-5.43528580872237,-5.14134889133617,-5.28533151303261,-5.72845076665203,-5.33193642653689,-5.34724344596519,-5.04524654085836,-5.16264602367204,-5.25712504252131,-5.28704087904317,-5.22251304750706,-5.84707016028737,-5.71818322436361,-5.22465255774489,-5.02904229981877,-5.16926985456243,-5.75523898719051,-5.53431201978895,-5.80078907408383,-5.78512199128522,-5.8329670022068,-5.65446502951207,-5.33908046332436,-5.87636664432143,-5.71524610274994,-5.69469770860733,-5.73533232066014,-5.83336471449136,-5.91425354354044,-5.86778876793135,-5.89230375242856,-5.83670452697281,-6.09694386148145,-6.12519302396627,-5.88090941896197,-5.73303313382762,-5.40026029357421,-5.71103725977598,-5.77980092623103
"ADIRF",1.88311450723502,5.1226672683222,4.68429968660985,1.57023509695209,4.74218854475852,4.59787058006511,5.11012429123529,0.781567694028554,2.97525434154608,2.63851711698972,1.45358353835305,4.82402857712205,5.95081113218549,3.50808655410777,-5.39485247151685,-5.39970231278688,-5.96850336867459,-5.46069822197901,0.508042160492839,2.71365031926827,1.10201008374042,0.21284762645751,0.989447338617865,2.13245028548108,-0.0462477918924302,0.989836278477515,-0.270814318682383,0.724392468001921,4.69827187490589,4.93626040383257,2.35247637014642,3.65948518067585,2.70304718585877,1.55374155952653,2.73636801097743,3.34270476758623,3.28670756606117,3.70466250664089,4.93664016490694,0.867324784055939,3.50061612243691,5.16753161880634,4.72917822814668,3.92564190004209,3.47268731375081,4.02557330564025,4.6998370580092,5.35197971141867,3.31260302836573,0.0467885527471737,-1.22893488500339,0.628135895566841,-2.27270781747963,0.540414232516482,0.565977906833061,0.619641340177274,0.0891559636106852,1.33507871851846,-0.889452756630986,0.850458885581352,4.78713028080935,4.52411355614882,3.20321448273601,4.67124836432219,4.13942972607171,-0.067596083135262,0.890439878826845,-5.84919575661201,-5.53381913964969,-5.45264281962208,-5.16183430117326,-5.10182918090297,-5.42134771746528,-5.24697120534758,-5.98439932120678,-5.45282356612482,2.92957976367188,3.45816119026712,3.89407816796524,3.23221068981042,3.68005473346828,4.8729867954018,4.40844070814843,4.74589486215684,3.65495250143735,4.97442683982885,5.0535616675745,-5.13317339862409,-5.27794289129991,-5.66198155335271,-5.45392082217303,-5.60462347588493,-5.40143607406283,-5.69099011635786,-5.86429024123969,-5.62465632478442,-5.60406323891341,-5.51483149612118,-5.38861627022901,-4.95419346403536,-6.17229211876309,-6.13798742100081,-5.90817112284285,-5.46586040778214,-5.95116649783713,-5.71706999886121,-5.61304179436185,-5.92777219361133,-5.50917131367897,-5.43528580872237,-5.14134889133617,-5.28533151303261,-5.72845076665203,-5.33193642653689,-5.34724344596519,-5.04524654085836,-5.16264602367204,-5.25712504252131,-5.28704087904317,-5.22251304750706,-5.84707016028737,-5.71818322436361,-5.22465255774489,-5.02904229981877,-5.16926985456243,-5.75523898719051,-5.53431201978895,-5.80078907408383,-5.78512199128522,-5.8329670022068,-5.65446502951207,-5.33908046332436,-5.87636664432143,-5.71524610274994,-5.69469770860733,-5.73533232066014,-5.83336471449136,-5.91425354354044,-5.86778876793135,-5.89230375242856,-5.83670452697281,-6.09694386148145,-6.12519302396627,-5.88090941896197,-5.73303313382762,-5.40026029357421,-5.71103725977598,-5.77980092623103
"TMOD4",0.60793467153914,1.16934931110759,0.810630510516744,0.144628355963055,-0.064114466905497,-1.11790079183197,-1.2390696241107,2.48682442846742,3.52274213684857,1.71050322981545,0.830950619665839,-0.546497391197798,0.384575839533241,-0.626134385652863,-5.39485247151685,-5.39970231278688,-5.96850336867459,-5.46069822197901,-1.24938753623308,-1.00777442400216,-0.968379244150975,-0.0443102130396149,-1.36603331598052,-1.24167402053171,-1.87221839211738,-0.199197545912502,0.132541375548826,0.504826090744236,-1.74467162094284,-0.100163004417303,-0.497628199370519,0.378833361367004,-0.626454128733397,1.20072578685507,1.88837110442248,1.78287696254773,1.71259244757701,0.411880757413049,-2.52396199743829,-1.68287229850454,-0.672511311043744,-0.117870600055911,0.160252690788671,0.680600739760442,0.511298763020787,-1.33666277790065,-0.410294858590858,-0.743508255682605,0.519289044785819,-1.17560386858927,-0.394944836442323,0.166231791250023,-0.602856419171961,0.177844153131774,0.837279928650455,0.418943989940145,-0.336149871121986,-0.510750351353778,0.371672059194176,-0.415131225156198,-0.624145299673297,-1.416053194334,-0.121916044189694,0.794472041307111,-0.318228450374369,-0.553022910305504,0.766704510404601,-5.84919575661201,-5.53381913964969,-5.45264281962208,-5.16183430117326,-5.10182918090297,-5.42134771746528,-5.24697120534758,-5.98439932120678,-5.45282356612482,-0.956700552261356,-0.675157339913,0.0201648948029902,-0.554385672080383,-0.317210298810477,1.18764518641357,0.426588054858691,-1.49569112441292,-1.62550897615462,1.48377950624457,0.200826842012887,-5.13317339862409,-5.27794289129991,-5.66198155335271,-5.45392082217303,-5.60462347588493,-5.40143607406283,-5.69099011635786,-5.86429024123969,-5.62465632478442,-5.60406323891341,-5.51483149612118,-5.38861627022901,-4.95419346403536,-6.17229211876309,-6.13798742100081,-5.90817112284285,-5.46586040778214,-5.95116649783713,-5.71706999886121,-5.61304179436185,-5.92777219361133,-5.50917131367897,-5.43528580872237,-5.14134889133617,-5.28533151303261,-5.72845076665203,-5.33193642653689,-5.34724344596519,-5.04524654085836,-5.16264602367204,-5.25712504252131,-5.28704087904317,-5.22251304750706,-5.84707016028737,-5.71818322436361,-5.22465255774489,-5.02904229981877,-5.16926985456243,-5.75523898719051,-5.53431201978895,-5.80078907408383,-5.78512199128522,-5.8329670022068,-5.65446502951207,-5.33908046332436,-5.87636664432143,-5.71524610274994,-5.69469770860733,-5.73533232066014,-5.83336471449136,-5.91425354354044,-5.86778876793135,-5.89230375242856,-5.83670452697281,-6.09694386148145,-6.12519302396627,-5.88090941896197,-5.73303313382762,-5.40026029357421,-5.71103725977598,-5.77980092623103
"SIGLEC5",0.28076992828563,2.33624661985234,0.66253187152761,0.70102170448744,1.30986037575146,-0.828394174636984,1.71267520728208,-1.4200661671411,2.57598415812555,1.94560670290145,1.0034178156706,0.675895030138649,-0.837816581803207,1.64887266184701,-5.39485247151685,-5.39970231278688,-5.96850336867459,-5.46069822197901,-1.39377744556826,0.432798167383825,0.220654580239043,-0.272579200712732,0.696250962273819,0.291758179549362,-0.122196645125729,-3.25809123496607,-1.13754778781892,2.71160631304608,1.5676063039108,-0.752239700996996,2.72204983726889,0.708140986619963,2.42023910671465,-1.06516827311796,0.42626535148686,-0.383315320018255,-0.00825348122591971,-0.97716153333285,1.53904780008751,5.33473151996638,1.19142713938023,1.42809776904938,1.44036060998141,1.99887181103972,1.23191636309951,1.72223091115292,1.63521980066151,1.40973800461308,0.826470554303995,1.25225767104715,1.57842003705421,1.63798368152319,1.21037506922231,0.881451150351549,1.73036472473394,0.727894230829298,1.01030054289945,1.07421214936738,1.18311586931966,2.72027789458561,1.09670062912963,1.95318061533172,1.93312531936827,2.92549569193303,0.91526167984541,1.47756540952792,0.192468416276503,-5.84919575661201,-5.53381913964969,-5.45264281962208,-5.16183430117326,-5.10182918090297,-5.42134771746528,-5.24697120534758,-5.98439932120678,-5.45282356612482,1.15404651324618,0.0953608139642328,0.931937711791255,1.78393686105765,2.12221135909533,0.47221275379701,1.34673474716948,1.92833515809318,1.28777939065204,0.0432069148585903,0.0403621698196414,-5.13317339862409,-5.27794289129991,-5.66198155335271,-5.45392082217303,-5.60462347588493,-5.40143607406283,-5.69099011635786,-5.86429024123969,-5.62465632478442,-5.60406323891341,-5.51483149612118,-5.38861627022901,-4.95419346403536,-6.17229211876309,-6.13798742100081,-5.90817112284285,-5.46586040778214,-5.95116649783713,-5.71706999886121,-5.61304179436185,-5.92777219361133,-5.50917131367897,-5.43528580872237,-5.14134889133617,-5.28533151303261,-5.72845076665203,-5.33193642653689,-5.34724344596519,-5.04524654085836,-5.16264602367204,-5.25712504252131,-5.28704087904317,-5.22251304750706,-5.84707016028737,-5.71818322436361,-5.22465255774489,-5.02904229981877,-5.16926985456243,-5.75523898719051,-5.53431201978895,-5.80078907408383,-5.78512199128522,-5.8329670022068,-5.65446502951207,-5.33908046332436,-5.87636664432143,-5.71524610274994,-5.69469770860733,-5.73533232066014,-5.83336471449136,-5.91425354354044,-5.86778876793135,-5.89230375242856,-5.83670452697281,-6.09694386148145,-6.12519302396627,-5.88090941896197,-5.73303313382762,-5.40026029357421,-5.71103725977598,-5.77980092623103
"SLC5A3",6.20633785437837,5.90393112914166,5.60916158218734,5.02391127561225,4.67321911477473,5.98246953319776,4.41838986746385,7.09168648662628,4.93098407461856,4.56804390904127,5.8230572175082,4.5919166374993,4.64689444528245,4.56763735774382,-5.39485247151685,-5.39970231278688,-5.96850336867459,-5.46069822197901,4.18643152518226,4.05728903229162,5.55329970745222,4.66018392006279,4.67191731325245,5.70330768513672,5.80981854463841,6.91641838551561,5.9113397123849,3.87150758653615,5.01110615896618,4.7149776626069,5.04397793215626,5.32824857362208,5.12983882414121,4.79636178909068,4.19309845855624,5.34460513454494,5.66835662086866,3.17355286414363,4.69520652302387,4.22057921313721,5.09196223994892,4.64978419818144,5.52496804200494,6.47583898260257,6.18372410499228,6.08343780139165,6.17890011494853,5.27426010060988,4.33187428691973,8.95594691085135,8.79626487359252,8.67125683937117,9.37241836843758,3.80010519527591,3.97945993960986,4.0653817999222,4.2297954034288,4.07583589184704,4.45350376511075,5.2752383163173,4.36074780793649,4.95666679110996,5.36422622809359,4.96552547068407,4.65843242353832,8.80270572320474,6.17076575522119,-5.84919575661201,-5.53381913964969,-5.45264281962208,-5.16183430117326,-5.10182918090297,-5.42134771746528,-5.24697120534758,-5.98439932120678,-5.45282356612482,5.84708707638925,5.6336278063872,5.03158169171517,5.12126898302656,5.33275346905252,4.89806323856349,5.18311871783861,5.64658615235073,5.32012993764105,4.47698394473572,4.53660894598038,-5.13317339862409,-5.27794289129991,-5.66198155335271,-5.45392082217303,-5.60462347588493,-5.40143607406283,-5.69099011635786,-5.86429024123969,-5.62465632478442,-5.60406323891341,-5.51483149612118,-5.38861627022901,-4.95419346403536,-6.17229211876309,-6.13798742100081,-5.90817112284285,-5.46586040778214,-5.95116649783713,-5.71706999886121,-5.61304179436185,-5.92777219361133,-5.50917131367897,-5.43528580872237,-5.14134889133617,-5.28533151303261,-5.72845076665203,-5.33193642653689,-5.34724344596519,-5.04524654085836,-5.16264602367204,-5.25712504252131,-5.28704087904317,-5.22251304750706,-5.84707016028737,-5.71818322436361,-5.22465255774489,-5.02904229981877,-5.16926985456243,-5.75523898719051,-5.53431201978895,-5.80078907408383,-5.78512199128522,-5.8329670022068,-5.65446502951207,-5.33908046332436,-5.87636664432143,-5.71524610274994,-5.69469770860733,-5.73533232066014,-5.83336471449136,-5.91425354354044,-5.86778876793135,-5.89230375242856,-5.83670452697281,-6.09694386148145,-6.12519302396627,-5.88090941896197,-5.73303313382762,-5.40026029357421,-5.71103725977598,-5.77980092623103
"OVCA2",2.62353152659016,2.43011354331656,2.41886279056075,3.12683904251953,2.68311946271454,0.467061708889187,2.19248296195117,0.650323160750302,0.374350296955898,1.23017427028488,2.202398850397,0.25320395831637,-1.68581348835816,0.707289348072329,-5.39485247151685,-5.39970231278688,-5.96850336867459,-5.46069822197901,2.90132686124339,3.91052093487861,2.39338911526818,2.4746547289073,3.05825649653652,2.80960648441198,2.72904592093288,2.50567441854385,2.50969899115658,1.83070137014826,1.40372021894983,1.00518999572893,1.48326297768178,1.53637463835348,1.53500929396072,1.72242339411821,1.35071431847968,1.15620420994173,1.06974903077535,1.81043013390332,1.29803970058371,1.12448262355306,1.22279131028956,-1.30229517119334,1.25978836433959,1.70773686969796,0.931407251847053,1.9561189713272,1.50397526738326,1.2440008001342,1.29485747817577,2.43770325782584,2.71102753221077,2.26485982397774,2.92963866165506,2.84946103610711,2.43137344112374,2.63362556961298,2.51756068662736,2.14398242767155,2.21275210369591,1.8181824825576,0.924747946340337,1.33526769280927,1.56613994949557,2.02842921427648,1.29249714641187,2.64412355987183,0.967401860641729,-5.84919575661201,-5.53381913964969,-5.45264281962208,-5.16183430117326,-5.10182918090297,-5.42134771746528,-5.24697120534758,-5.98439932120678,-5.45282356612482,2.36215470857638,2.24113195369777,0.905706170218075,2.05104093120049,1.53321334513901,2.02110599981064,2.39857367868909,1.58610296675073,1.76222117712848,0.100922412714878,-0.422609806522905,-5.13317339862409,-5.27794289129991,-5.66198155335271,-5.45392082217303,-5.60462347588493,-5.40143607406283,-5.69099011635786,-5.86429024123969,-5.62465632478442,-5.60406323891341,-5.51483149612118,-5.38861627022901,-4.95419346403536,-6.17229211876309,-6.13798742100081,-5.90817112284285,-5.46586040778214,-5.95116649783713,-5.71706999886121,-5.61304179436185,-5.92777219361133,-5.50917131367897,-5.43528580872237,-5.14134889133617,-5.28533151303261,-5.72845076665203,-5.33193642653689,-5.34724344596519,-5.04524654085836,-5.16264602367204,-5.25712504252131,-5.28704087904317,-5.22251304750706,-5.84707016028737,-5.71818322436361,-5.22465255774489,-5.02904229981877,-5.16926985456243,-5.75523898719051,-5.53431201978895,-5.80078907408383,-5.78512199128522,-5.8329670022068,-5.65446502951207,-5.33908046332436,-5.87636664432143,-5.71524610274994,-5.69469770860733,-5.73533232066014,-5.83336471449136,-5.91425354354044,-5.86778876793135,-5.89230375242856,-5.83670452697281,-6.09694386148145,-6.12519302396627,-5.88090941896197,-5.73303313382762,-5.40026029357421,-5.71103725977598,-5.77980092623103
"DND1",3.56818849274638,2.51824445359522,3.49199749519096,3.51386216562877,3.15089842406535,2.01595495490282,3.07905690061681,2.70094923382027,1.22234720351085,2.32495249503698,3.0285963786666,2.69296854349759,1.77361813027914,2.76892841386471,-5.39485247151685,-5.39970231278688,-5.96850336867459,-5.46069822197901,3.65521124786745,3.85020657112542,2.97647920165656,2.51102711857226,2.88189419746306,2.28518552562588,2.5325361338996,1.95136213066288,2.73499130299882,2.78667674625626,2.10998901589312,2.92690523878087,3.4880639639456,2.6708599705405,3.34962003202112,1.97714253174,2.51891463945253,2.98808145113341,2.58558717084169,2.81539638679667,2.88300220130487,3.20325973693718,2.56014944574653,2.33630529312989,2.9074866204087,2.09791918029052,2.38945764008599,2.01383446918349,1.98378302205234,2.56341767586551,1.69192843092517,3.17691254613151,2.66113108796377,2.94213707468257,2.92249659241104,3.29173511965976,3.05672506593657,3.31575080481963,3.12328174751531,3.17764173902278,3.5710193921927,2.90986317277895,2.72425500657526,2.41176583028332,2.40303914716719,2.50891106645671,2.34883513056168,2.80553410657258,2.38009541945227,-5.84919575661201,-5.53381913964969,-5.45264281962208,-5.16183430117326,-5.10182918090297,-5.42134771746528,-5.24697120534758,-5.98439932120678,-5.45282356612482,4.13526930621556,3.92271264458754,2.92868473399617,3.16495425140399,2.76251689366026,3.61416218257814,3.14231250145073,2.91483089374343,3.32868733423225,3.05420591380785,2.14272388744932,-5.13317339862409,-5.27794289129991,-5.66198155335271,-5.45392082217303,-5.60462347588493,-5.40143607406283,-5.69099011635786,-5.86429024123969,-5.62465632478442,-5.60406323891341,-5.51483149612118,-5.38861627022901,-4.95419346403536,-6.17229211876309,-6.13798742100081,-5.90817112284285,-5.46586040778214,-5.95116649783713,-5.71706999886121,-5.61304179436185,-5.92777219361133,-5.50917131367897,-5.43528580872237,-5.14134889133617,-5.28533151303261,-5.72845076665203,-5.33193642653689,-5.34724344596519,-5.04524654085836,-5.16264602367204,-5.25712504252131,-5.28704087904317,-5.22251304750706,-5.84707016028737,-5.71818322436361,-5.22465255774489,-5.02904229981877,-5.16926985456243,-5.75523898719051,-5.53431201978895,-5.80078907408383,-5.78512199128522,-5.8329670022068,-5.65446502951207,-5.33908046332436,-5.87636664432143,-5.71524610274994,-5.69469770860733,-5.73533232066014,-5.83336471449136,-5.91425354354044,-5.86778876793135,-5.89230375242856,-5.83670452697281,-6.09694386148145,-6.12519302396627,-5.88090941896197,-5.73303313382762,-5.40026029357421,-5.71103725977598,-5.77980092623103
"ZCCHC3",5.04340866489551,5.07986477053486,5.02861775273319,5.91047507011639,4.59380547395566,4.5917574563385,4.51722332876391,5.17984667504603,4.45045327604169,2.66511132700143,3.84519254224162,3.41629152970513,4.14707652580659,2.51791198396384,-5.39485247151685,-5.39970231278688,-5.96850336867459,-5.46069822197901,5.66606507287886,5.77670463136668,5.05221185062227,5.57039963107559,5.5244992113821,5.44335135821942,5.8401522779283,5.30287841013329,5.77569363994199,4.9865425985761,4.41587214420516,4.38096368531931,5.23886274598703,4.59128297945587,5.36043578894034,4.92513833067819,4.87360164509214,5.20653176350016,5.04903632212506,4.85572848083189,4.69520652302387,4.70206559390862,4.81162682015793,2.62197750264342,4.79465629938719,5.37188045861606,5.2140811529203,5.09295318630109,4.78104912648636,4.65943028285273,4.74386307101536,4.71400873558741,4.52943318589504,4.92313423094897,4.63090019413959,4.67244262620027,4.80690627960694,5.01907880228555,4.90634375627097,4.83150454463796,4.76580819641599,5.00970511849764,4.74638066864655,4.57338861396742,4.79456060024802,4.80080799809111,4.8353578142532,4.77610068598606,3.44544915744637,-5.84919575661201,-5.53381913964969,-5.45264281962208,-5.16183430117326,-5.10182918090297,-5.42134771746528,-5.24697120534758,-5.98439932120678,-5.45282356612482,5.18958375120127,5.09898372718157,4.50711919171983,4.59361871110501,4.63133391799688,4.70884709770924,4.47165460258676,4.61839821888277,4.79290588332654,2.21639963013481,2.9491374097731,-5.13317339862409,-5.27794289129991,-5.66198155335271,-5.45392082217303,-5.60462347588493,-5.40143607406283,-5.69099011635786,-5.86429024123969,-5.62465632478442,-5.60406323891341,-5.51483149612118,-5.38861627022901,-4.95419346403536,-6.17229211876309,-6.13798742100081,-5.90817112284285,-5.46586040778214,-5.95116649783713,-5.71706999886121,-5.61304179436185,-5.92777219361133,-5.50917131367897,-5.43528580872237,-5.14134889133617,-5.28533151303261,-5.72845076665203,-5.33193642653689,-5.34724344596519,-5.04524654085836,-5.16264602367204,-5.25712504252131,-5.28704087904317,-5.22251304750706,-5.84707016028737,-5.71818322436361,-5.22465255774489,-5.02904229981877,-5.16926985456243,-5.75523898719051,-5.53431201978895,-5.80078907408383,-5.78512199128522,-5.8329670022068,-5.65446502951207,-5.33908046332436,-5.87636664432143,-5.71524610274994,-5.69469770860733,-5.73533232066014,-5.83336471449136,-5.91425354354044,-5.86778876793135,-5.89230375242856,-5.83670452697281,-6.09694386148145,-6.12519302396627,-5.88090941896197,-5.73303313382762,-5.40026029357421,-5.71103725977598,-5.77980092623103
"TOMM6",6.17933009327939,6.72740896247261,6.41525153700837,6.20564209689099,6.17409527410329,7.39209408524414,6.14736016358369,6.4490649525032,6.60316898745178,6.54898205952634,6.84200034539701,5.88782194123576,6.88024054981293,5.96542536017494,-5.39485247151685,-5.39970231278688,-5.96850336867459,-5.46069822197901,6.67429366361672,7.34242812488038,6.18339841058108,6.55342442786677,6.4664844378181,6.61401412241925,6.84233936341186,7.09321612191498,6.88318709346657,6.52171068122287,6.24892726828329,6.65917040277736,7.2854561946236,6.55746629469467,7.08887571445607,6.37104751455889,6.5492253705491,6.29403558167419,6.55370620021308,6.49432014761724,6.42148183893962,7.23386024123184,6.94602102293255,8.32291553235732,7.08494402570158,6.86992488412247,6.55784638854437,6.44600788077636,6.61064947623539,6.52553779219442,6.90313975173616,6.43665032379962,6.35766017789366,6.53073815246708,6.74940775408636,6.39119143486521,6.46871685917111,6.45909056109812,6.31797465410657,6.34891034479121,6.48406841143783,6.34060868178296,6.47388678328723,6.62359701395058,7.2865316457288,7.10338785467025,6.65936089833658,6.34040864579429,6.54884702104065,-5.84919575661201,-5.53381913964969,-5.45264281962208,-5.16183430117326,-5.10182918090297,-5.42134771746528,-5.24697120534758,-5.98439932120678,-5.45282356612482,6.43579957108637,6.37159220044358,6.6495215148826,7.00129903611853,7.31809558760032,5.70458926370608,5.85800529732639,7.00866443181901,7.19062136004889,6.0817900161262,5.95992659546327,-5.13317339862409,-5.27794289129991,-5.66198155335271,-5.45392082217303,-5.60462347588493,-5.40143607406283,-5.69099011635786,-5.86429024123969,-5.62465632478442,-5.60406323891341,-5.51483149612118,-5.38861627022901,-4.95419346403536,-6.17229211876309,-6.13798742100081,-5.90817112284285,-5.46586040778214,-5.95116649783713,-5.71706999886121,-5.61304179436185,-5.92777219361133,-5.50917131367897,-5.43528580872237,-5.14134889133617,-5.28533151303261,-5.72845076665203,-5.33193642653689,-5.34724344596519,-5.04524654085836,-5.16264602367204,-5.25712504252131,-5.28704087904317,-5.22251304750706,-5.84707016028737,-5.71818322436361,-5.22465255774489,-5.02904229981877,-5.16926985456243,-5.75523898719051,-5.53431201978895,-5.80078907408383,-5.78512199128522,-5.8329670022068,-5.65446502951207,-5.33908046332436,-5.87636664432143,-5.71524610274994,-5.69469770860733,-5.73533232066014,-5.83336471449136,-5.91425354354044,-5.86778876793135,-5.89230375242856,-5.83670452697281,-6.09694386148145,-6.12519302396627,-5.88090941896197,-5.73303313382762,-5.40026029357421,-5.71103725977598,-5.77980092623103
"BOLA2B",-5.50058978523903,-4.55857114345561,-4.54692149410134,-5.52779698600844,-5.6788243110207,-4.28782579327428,-5.48699713755428,-3.74199426202846,-3.53254029865262,-5.10967573259974,-5.14632930383408,-5.30138489336127,-4.00774158324552,-5.26999057542759,-0.440656161129976,-1.1517747993433,-0.135613354509846,-0.17529600311676,-5.64170495901184,-5.40009184678092,-5.6122354339257,-5.4018622176577,-5.45349615723086,-5.4896015339753,-5.33165001075468,-4.84305373568723,-5.22501062906926,-5.68499846813578,-5.65156221655136,-5.14455712377576,-4.7455557128141,-4.90656885749524,-4.87438164217698,-5.45748569589672,-5.18844449262835,-5.80958007472035,-4.76314098338939,-5.36947895611161,-5.3313169194959,-4.49022722056214,-5.31636750081847,-4.76172678983064,-5.45445715332654,-5.62318000841666,-5.6384483564839,-5.24355337350916,-5.69569707745311,-5.60148925081018,-5.36335400457602,-5.56792129136803,-5.75249684106041,-5.56168866331318,-5.73213943611693,-4.95143886381319,-5.87696558901567,-5.64714520051763,-5.46543288806695,-5.72020371698273,-6.8667326801309,-5.96972007683383,-5.37903280183677,-5.32294378994252,-5.61376914051937,-5.35527507819757,-5.52768181600332,-5.68230592725047,-5.29938468005317,-0.422931001909912,0.615927979854996,-0.697755317458607,1.06698438932262,0.78081386845887,0.768476841414735,0.730308718152333,0.729846196459345,1.20538791662698,-6.51128940393899,-6.3475826818845,-5.86247815455885,-5.68366868902535,-5.36160441816893,-5.86763724908761,-5.59577975816976,-5.40258172002144,-5.53239957176314,-5.57150292925662,-5.63206317215185,-1.432733680483,-1.57750317315882,1.13243431299739,-1.06160339939427,-5.60462347588493,-0.757579884288108,-0.481536750728906,0.0183528081221532,0.397711488244033,0.0106466052017983,0.462448427378736,0.542121067333877,-1.49476184539806,-0.0225449992584105,0.895435580536644,0.241575996661828,1.30232391699478,-0.45931340150746,1.27161468791095,1.1284251920393,-0.973575883224459,-0.0829065589768698,-1.18735829527879,-0.617786935279154,0.0722204915854702,1.60246611146258,1.43624789824003,0.207345405712443,1.02084264959941,-0.518789833897318,1.6132396770621,0.0705111255749131,-2.41515812544946,-0.174644818315878,-0.588900207418646,0.201612196957212,-0.941579458568426,-1.26237925895391,0.267128825837947,1.06560082239818,0.993626792266277,0.404702567594795,0.881278515459318,1.46447604321144,3.06606099981198,0.993998075261971,1.07916976360017,1.3821178884435,1.59558455745448,1.01212533645301,0.01648379402245,0.640005872267345,-0.682850386799608,0.792652093106795,-0.26405384731671,0.908229977571182,0.458940583922657,0.836822474503327,1.44522975737017,0.478787299104038,0.87841055652076
"GTF2H2C",-5.50058978523903,-4.55857114345561,-4.54692149410134,-5.52779698600844,-5.6788243110207,-4.28782579327428,-5.48699713755428,-3.74199426202846,-3.53254029865262,-5.10967573259974,-5.14632930383408,-5.30138489336127,-4.00774158324552,-5.26999057542759,2.21247784223276,2.10014357429632,1.84527782254245,1.99051288985332,-5.64170495901184,-5.40009184678092,-5.6122354339257,-5.4018622176577,-5.45349615723086,-5.4896015339753,-5.33165001075468,-4.84305373568723,-5.22501062906926,-5.68499846813578,-5.65156221655136,-5.14455712377576,-4.7455557128141,-4.90656885749524,-4.87438164217698,-5.45748569589672,-5.18844449262835,-5.80958007472035,-4.76314098338939,-5.36947895611161,-5.3313169194959,-4.49022722056214,-5.31636750081847,-4.76172678983064,-5.45445715332654,-5.62318000841666,-5.6384483564839,-5.24355337350916,-5.69569707745311,-5.60148925081018,-5.36335400457602,-5.56792129136803,-5.75249684106041,-5.56168866331318,-5.73213943611693,-4.95143886381319,-5.87696558901567,-5.64714520051763,-5.46543288806695,-5.72020371698273,-6.8667326801309,-5.96972007683383,-5.37903280183677,-5.32294378994252,-5.61376914051937,-5.35527507819757,-5.52768181600332,-5.68230592725047,-5.29938468005317,2.14515768024685,1.4319651450124,1.44217494368587,-1.46139458303217,2.81106015532699,2.94059605626996,3.02449182255679,3.06272459090725,2.38638022197213,-6.51128940393899,-6.3475826818845,-5.86247815455885,-5.68366868902535,-5.36160441816893,-5.86763724908761,-5.59577975816976,-5.40258172002144,-5.53239957176314,-5.57150292925662,-5.63206317215185,1.46673944356303,0.00745932756233445,1.30380273130938,-3.86895832145187,-4.01966097516377,-5.40143607406283,-5.69099011635786,1.44859271404467,0.25798672457742,1.36172104574868,1.05502411220977,-3.80365376950785,1.61566214429559,1.83333243043079,3.05430539346996,2.5389121033668,2.69904651889355,1.58021496267918,2.49724912193955,2.23870724705421,1.70885242693231,2.54067723577159,1.98256670616353,1.93546670571466,1.95307322629247,4.32818694846117,1.65674826023527,2.89593053750776,1.58411007922125,1.37651278743599,1.81969055452952,2.04387599907145,0.843576142950709,1.44755058860425,2.64376054937163,3.14603484906233,0.64338304215273,1.17058014832219,1.1151257323929,1.28586694262624,3.09705638192168,2.20923144557364,2.95819588634821,2.98577990671028,3.18839654273603,2.77109178213349,2.87346853283233,2.76062951169723,3.10701802275367,3.2620323083012,2.13559500591013,2.72092586765091,2.91182726875476,2.88780932614714,2.85434085348552,2.30525952769926,2.37175601348828,2.23851042012315,2.2070700201754,1.75656829030702,2.51940709215624
"SMN1",-5.50058978523903,-4.55857114345561,-4.54692149410134,-5.52779698600844,-5.6788243110207,-4.28782579327428,-5.48699713755428,-3.74199426202846,-3.53254029865262,-5.10967573259974,-5.14632930383408,-5.30138489336127,-4.00774158324552,-5.26999057542759,3.86959012870975,3.57471227701864,3.66267368702939,3.77531596992108,-5.64170495901184,-5.40009184678092,-5.6122354339257,-5.4018622176577,-5.45349615723086,-5.4896015339753,-5.33165001075468,-4.84305373568723,-5.22501062906926,-5.68499846813578,-5.65156221655136,-5.14455712377576,-4.7455557128141,-4.90656885749524,-4.87438164217698,-5.45748569589672,-5.18844449262835,-5.80958007472035,-4.76314098338939,-5.36947895611161,-5.3313169194959,-4.49022722056214,-5.31636750081847,-4.76172678983064,-5.45445715332654,-5.62318000841666,-5.6384483564839,-5.24355337350916,-5.69569707745311,-5.60148925081018,-5.36335400457602,-5.56792129136803,-5.75249684106041,-5.56168866331318,-5.73213943611693,-4.95143886381319,-5.87696558901567,-5.64714520051763,-5.46543288806695,-5.72020371698273,-6.8667326801309,-5.96972007683383,-5.37903280183677,-5.32294378994252,-5.61376914051937,-5.35527507819757,-5.52768181600332,-5.68230592725047,-5.29938468005317,2.31571117006368,3.89034714916841,2.06305701866197,-3.57687180045211,3.70874245383818,3.51823149684941,3.4360233783341,3.59868344629616,2.80927127924536,-6.51128940393899,-6.3475826818845,-5.86247815455885,-5.68366868902535,-5.36160441816893,-5.86763724908761,-5.59577975816976,-5.40258172002144,-5.53239957176314,-5.57150292925662,-5.63206317215185,0.481536445491115,-0.419961896172342,2.04537757872817,1.53476386459914,3.84864715812569,-0.646548571899364,-1.16742816030084,1.03052752206826,0.945199283546527,0.662723301781491,1.40403174115341,-1.14068875678542,0.0902006553230984,3.98379095752559,4.01302911789144,3.26425638580263,3.76055178500664,3.23122785556739,3.8005993892726,1.75328041988397,1.82042065597813,2.19818781840192,1.19407081135724,3.4170718219325,3.52524012170853,3.87332002175568,1.4882425358783,3.12443176842685,1.69622044554278,1.99722531310635,1.28203376858672,2.51385902087713,2.85963599384681,0.998419890657001,3.65468183574898,3.77816245786217,2.47080358726444,2.45278196489395,3.09962939606973,3.41113181658897,3.15049564088314,2.98636747821538,3.16984801340025,2.8413899973751,2.02724175092145,2.95968371073664,3.24185593881235,3.09646517994769,3.1195360626001,3.58659546335653,2.65939364395289,3.4199236116181,3.53186253638954,3.4964508233378,3.38888544722045,2.82025081241164,3.43876270198503,3.39367133901557,3.06326407969697,2.74428996052858,3.18309507910623
"C4B",-5.50058978523903,-4.55857114345561,-4.54692149410134,-5.52779698600844,-5.6788243110207,-4.28782579327428,-5.48699713755428,-3.74199426202846,-3.53254029865262,-5.10967573259974,-5.14632930383408,-5.30138489336127,-4.00774158324552,-5.26999057542759,6.57201342887069,4.41568098302666,4.72062103623867,5.03415736251219,-5.64170495901184,-5.40009184678092,-5.6122354339257,-5.4018622176577,-5.45349615723086,-5.4896015339753,-5.33165001075468,-4.84305373568723,-5.22501062906926,-5.68499846813578,-5.65156221655136,-5.14455712377576,-4.7455557128141,-4.90656885749524,-4.87438164217698,-5.45748569589672,-5.18844449262835,-5.80958007472035,-4.76314098338939,-5.36947895611161,-5.3313169194959,-4.49022722056214,-5.31636750081847,-4.76172678983064,-5.45445715332654,-5.62318000841666,-5.6384483564839,-5.24355337350916,-5.69569707745311,-5.60148925081018,-5.36335400457602,-5.56792129136803,-5.75249684106041,-5.56168866331318,-5.73213943611693,-4.95143886381319,-5.87696558901567,-5.64714520051763,-5.46543288806695,-5.72020371698273,-6.8667326801309,-5.96972007683383,-5.37903280183677,-5.32294378994252,-5.61376914051937,-5.35527507819757,-5.52768181600332,-5.68230592725047,-5.29938468005317,4.25802131897937,3.13506584461656,4.49426345483432,5.09201318381414,3.52387966216149,1.83604012522737,2.10175694888349,4.7082161804878,3.92871938505977,-6.51128940393899,-6.3475826818845,-5.86247815455885,-5.68366868902535,-5.36160441816893,-5.86763724908761,-5.59577975816976,-5.40258172002144,-5.53239957176314,-5.57150292925662,-5.63206317215185,5.02795848436021,5.50750957685863,5.55900129772907,6.28543788526037,6.12031664257743,7.20381192750297,6.79408444734076,7.79179938442978,7.66175704458592,7.06681426548357,6.90959726791658,8.46069108384105,8.2971410006235,4.5800885277898,5.2591523852348,6.84692508746433,5.93127939845346,6.68930440675295,5.25806145806013,3.37848005171384,3.62489690390294,4.53658834770372,4.78750909414574,2.99307742888476,1.72589574239064,3.27436424895502,5.63745009480539,4.29480824696278,5.06719296592319,5.26885158058601,5.34185792851478,6.06113398849239,3.1568653195642,3.67059922784644,3.04003999036311,2.01375218158019,5.87257885852735,4.87921701942991,5.39260190648183,6.6539677321752,3.82674481038896,5.32274892299439,4.84210791817864,3.58154916238802,1.31913101942743,3.09230014887377,3.49664219179607,4.09157191904114,3.1195360626001,3.1467748631478,5.24246160068427,5.36163092029907,4.68418059436829,3.92982438162605,3.97049049927507,6.14889388166815,7.44256761418846,5.73100201836229,5.1164246557354,5.97239603305942,5.90275481484928
"C4A",-5.50058978523903,-4.55857114345561,-4.54692149410134,-5.52779698600844,-5.6788243110207,-4.28782579327428,-5.48699713755428,-3.74199426202846,-3.53254029865262,-5.10967573259974,-5.14632930383408,-5.30138489336127,-4.00774158324552,-5.26999057542759,6.26112539097009,5.20855250919103,5.63743907095078,5.80550269051995,-5.64170495901184,-5.40009184678092,-5.6122354339257,-5.4018622176577,-5.45349615723086,-5.4896015339753,-5.33165001075468,-4.84305373568723,-5.22501062906926,-5.68499846813578,-5.65156221655136,-5.14455712377576,-4.7455557128141,-4.90656885749524,-4.87438164217698,-5.45748569589672,-5.18844449262835,-5.80958007472035,-4.76314098338939,-5.36947895611161,-5.3313169194959,-4.49022722056214,-5.31636750081847,-4.76172678983064,-5.45445715332654,-5.62318000841666,-5.6384483564839,-5.24355337350916,-5.69569707745311,-5.60148925081018,-5.36335400457602,-5.56792129136803,-5.75249684106041,-5.56168866331318,-5.73213943611693,-4.95143886381319,-5.87696558901567,-5.64714520051763,-5.46543288806695,-5.72020371698273,-6.8667326801309,-5.96972007683383,-5.37903280183677,-5.32294378994252,-5.61376914051937,-5.35527507819757,-5.52768181600332,-5.68230592725047,-5.29938468005317,6.33288817289871,5.56618608477303,6.56451356676104,5.83746108585015,4.31813099694492,3.16736691811698,2.40408048583135,4.38737732313115,3.77839761458637,-6.51128940393899,-6.3475826818845,-5.86247815455885,-5.68366868902535,-5.36160441816893,-5.86763724908761,-5.59577975816976,-5.40258172002144,-5.53239957176314,-5.57150292925662,-5.63206317215185,5.98382027892289,6.5128128588184,6.55506736020363,5.98850437115858,5.29246565242783,7.31173561025197,6.81804256994864,7.57593008667466,7.59405825628308,6.9241466577093,6.77489924396257,8.19974701696311,8.01249222336826,5.25763762259018,5.15835526369208,6.41008922086956,5.74541953969987,6.25615292862067,4.63276409259604,3.35562499883336,2.71968623284359,4.54746640143423,4.19589124698161,3.78049204573832,2.39414858647283,3.7813242376749,6.62915146346044,4.64852370491261,5.58502058416841,5.68675907727572,6.08439378072393,6.05891871736094,0.843576142950709,1.74538687698071,1.74942232571939,1.25108087322151,5.97588037875028,4.90353267998178,5.52611152779053,6.80247345641481,1.90657005799705,3.6681486427254,2.4753720279326,1.79674608232026,-3.75411796260321,0.865100342079714,1.34003633275125,0.813096931591366,1.31995011484105,3.2725437940798,5.36012460970593,5.45920240696947,4.87505310169713,3.86200013979753,4.19652778735668,5.84167287642127,7.14682383079086,5.60959716485079,5.22818524656298,5.82569563005944,5.94343337466234
"PTPRCAP",-5.50058978523903,-4.55857114345561,-4.54692149410134,-5.52779698600844,-5.6788243110207,-4.28782579327428,-5.48699713755428,-3.74199426202846,-3.53254029865262,-5.10967573259974,-5.14632930383408,-5.30138489336127,-4.00774158324552,-5.26999057542759,2.27048344566832,1.36848201199004,2.36688698601934,0.948692714158694,-5.64170495901184,-5.40009184678092,-5.6122354339257,-5.4018622176577,-5.45349615723086,-5.4896015339753,-5.33165001075468,-4.84305373568723,-5.22501062906926,-5.68499846813578,-5.65156221655136,-5.14455712377576,-4.7455557128141,-4.90656885749524,-4.87438164217698,-5.45748569589672,-5.18844449262835,-5.80958007472035,-4.76314098338939,-5.36947895611161,-5.3313169194959,-4.49022722056214,-5.31636750081847,-4.76172678983064,-5.45445715332654,-5.62318000841666,-5.6384483564839,-5.24355337350916,-5.69569707745311,-5.60148925081018,-5.36335400457602,-5.56792129136803,-5.75249684106041,-5.56168866331318,-5.73213943611693,-4.95143886381319,-5.87696558901567,-5.64714520051763,-5.46543288806695,-5.72020371698273,-6.8667326801309,-5.96972007683383,-5.37903280183677,-5.32294378994252,-5.61376914051937,-5.35527507819757,-5.52768181600332,-5.68230592725047,-5.29938468005317,3.16482471370292,2.26708076027062,2.73223252328621,-3.57687180045211,-0.0574350615445178,-0.0637957128471985,-0.603115015572858,1.3643288330243,2.06287627215923,-6.51128940393899,-6.3475826818845,-5.86247815455885,-5.68366868902535,-5.36160441816893,-5.86763724908761,-5.59577975816976,-5.40258172002144,-5.53239957176314,-5.57150292925662,-5.63206317215185,4.86259375225371,5.67988466953383,4.77784933062868,2.2395661353263,1.6899972730067,3.60699254800775,3.43571435648533,2.17462874805261,3.38936414553051,2.0032670748362,1.81608538199344,4.32046754232133,3.29847196841489,2.08980272660709,2.46563892398539,2.5796689109802,3.68642443452444,3.09595741427689,3.95004154321382,2.39258275483203,0.642083414719613,1.02998749742906,0.541994114777544,0.413239960341471,-0.0758781474036639,-0.774254456265158,-5.33193642653689,0.67512436706326,-1.13835594524985,0.945878433106126,2.49106780706815,2.2752015451779,1.34734256082388,2.34768669413487,2.23018400722107,-0.366671562617314,2.33727991442705,1.40058575376852,3.44197770591954,3.6230349155739,2.18220450061048,3.1892925985203,1.87439212987408,2.88081034710874,5.64320014123392,2.53726128470274,2.32367288654236,3.57442897054209,3.31179159145389,3.30874234281119,2.08009989331842,2.843017665768,2.1020496844303,2.85329344444663,1.51038645226816,3.29476715388162,3.41600678791732,2.19177936977816,3.25437573495376,3.31962987647096,2.27004762321953
"SYT15",-5.50058978523903,-4.55857114345561,-4.54692149410134,-5.52779698600844,-5.6788243110207,-4.28782579327428,-5.48699713755428,-3.74199426202846,-3.53254029865262,-5.10967573259974,-5.14632930383408,-5.30138489336127,-4.00774158324552,-5.26999057542759,1.49996529179109,2.69305482813297,1.83239653124572,1.3337176443711,-5.64170495901184,-5.40009184678092,-5.6122354339257,-5.4018622176577,-5.45349615723086,-5.4896015339753,-5.33165001075468,-4.84305373568723,-5.22501062906926,-5.68499846813578,-5.65156221655136,-5.14455712377576,-4.7455557128141,-4.90656885749524,-4.87438164217698,-5.45748569589672,-5.18844449262835,-5.80958007472035,-4.76314098338939,-5.36947895611161,-5.3313169194959,-4.49022722056214,-5.31636750081847,-4.76172678983064,-5.45445715332654,-5.62318000841666,-5.6384483564839,-5.24355337350916,-5.69569707745311,-5.60148925081018,-5.36335400457602,-5.56792129136803,-5.75249684106041,-5.56168866331318,-5.73213943611693,-4.95143886381319,-5.87696558901567,-5.64714520051763,-5.46543288806695,-5.72020371698273,-6.8667326801309,-5.96972007683383,-5.37903280183677,-5.32294378994252,-5.61376914051937,-5.35527507819757,-5.52768181600332,-5.68230592725047,-5.29938468005317,4.26063489766678,3.27031188153363,3.17306602344239,4.79381560635511,2.59165777659635,2.89606489629959,2.41836471183759,2.97849668413048,5.83777132195775,-6.51128940393899,-6.3475826818845,-5.86247815455885,-5.68366868902535,-5.36160441816893,-5.86763724908761,-5.59577975816976,-5.40258172002144,-5.53239957176314,-5.57150292925662,-5.63206317215185,3.44047378886923,4.92050215015245,1.80562399673029,2.95122064096332,3.20594815885622,3.7355550380174,3.79483919234405,4.28418634093859,4.75363853112747,2.76662416789381,4.07200829184065,3.0334484959438,3.76348295903104,1.50718798074235,4.16465150278675,3.7157103671706,-0.108308403164058,4.44864546148855,-0.0446446568897155,5.35057682308212,4.85276757386063,4.07014462390105,4.92556127545729,2.73516805522883,2.89954382987567,-0.173861914974396,0.776588030241277,3.92655215324907,2.35563289542382,1.89263641182915,3.01433798538307,3.26370590634007,2.17836638877512,4.40441225033284,3.44420810439329,2.920005685087,4.31747143334687,4.76589519504127,4.98031703672103,2.48249626789761,3.62337721473427,4.2956955363231,3.99834024159525,4.22358588321647,2.83584521917631,3.2606244677588,3.39066240582122,2.72736705756548,3.58433980028686,2.48404789927351,5.27371704844376,2.92987275792241,3.05898096253841,2.74449605495214,2.33350869018408,4.37166075342177,3.16621449315206,6.96588852851219,6.4766402974661,5.75809576005361,6.98237345576207
"PRODH",-5.50058978523903,-4.55857114345561,-4.54692149410134,-5.52779698600844,-5.6788243110207,-4.28782579327428,-5.48699713755428,-3.74199426202846,-3.53254029865262,-5.10967573259974,-5.14632930383408,-5.30138489336127,-4.00774158324552,-5.26999057542759,3.30905110192781,4.59888811695845,2.64252142863277,3.74631609819852,-5.64170495901184,-5.40009184678092,-5.6122354339257,-5.4018622176577,-5.45349615723086,-5.4896015339753,-5.33165001075468,-4.84305373568723,-5.22501062906926,-5.68499846813578,-5.65156221655136,-5.14455712377576,-4.7455557128141,-4.90656885749524,-4.87438164217698,-5.45748569589672,-5.18844449262835,-5.80958007472035,-4.76314098338939,-5.36947895611161,-5.3313169194959,-4.49022722056214,-5.31636750081847,-4.76172678983064,-5.45445715332654,-5.62318000841666,-5.6384483564839,-5.24355337350916,-5.69569707745311,-5.60148925081018,-5.36335400457602,-5.56792129136803,-5.75249684106041,-5.56168866331318,-5.73213943611693,-4.95143886381319,-5.87696558901567,-5.64714520051763,-5.46543288806695,-5.72020371698273,-6.8667326801309,-5.96972007683383,-5.37903280183677,-5.32294378994252,-5.61376914051937,-5.35527507819757,-5.52768181600332,-5.68230592725047,-5.29938468005317,5.72681611759477,4.10099191052203,4.67277065086124,2.07657043815182,1.27321025044395,2.21527690307837,2.33045762268817,5.33018392306742,6.52051505467554,-6.51128940393899,-6.3475826818845,-5.86247815455885,-5.68366868902535,-5.36160441816893,-5.86763724908761,-5.59577975816976,-5.40258172002144,-5.53239957176314,-5.57150292925662,-5.63206317215185,1.80934110671515,3.0120759556327,2.54258959089649,4.82568975887946,6.31312153755829,5.47277686076804,7.77036142676217,6.05196245757252,6.17341039557864,4.68249452269455,5.66321083274364,6.55792453366409,6.70891984442045,-0.886889899900844,4.75303676914869,4.62223521425621,0.315499305742517,5.64082326977799,1.93398169231772,6.26309140568117,5.35705190661329,4.58490637199294,5.13930771861524,2.48070292812021,1.93383700742955,-0.0560254246805376,-3.74697392581574,4.45850042618642,2.91475539120972,-2.84071792878468,3.23872998436586,4.91630712393659,-0.364532052379491,4.63372004080844,1.10199573805158,4.81289439621729,4.95822171225377,5.08457763042497,6.14071490562166,5.28985118995521,4.55346030786141,6.51379974968453,5.42028957757435,6.04640812562819,4.55725194058558,4.31715871617978,4.48319893870242,4.05181661253113,5.60729797801827,4.09589369414561,6.16689697773143,6.12266979714236,4.44643263014536,5.01270057397494,5.14563482796989,6.94005479769126,4.32976192482365,6.35674835452638,5.8868748925125,6.47042562149404,6.56975676038948
"CYP2D6",-5.50058978523903,-4.55857114345561,-4.54692149410134,-5.52779698600844,-5.6788243110207,-4.28782579327428,-5.48699713755428,-3.74199426202846,-3.53254029865262,-5.10967573259974,-5.14632930383408,-5.30138489336127,-4.00774158324552,-5.26999057542759,0.159736380160786,1.20021052940024,0.335277379502516,0.647826234799161,-5.64170495901184,-5.40009184678092,-5.6122354339257,-5.4018622176577,-5.45349615723086,-5.4896015339753,-5.33165001075468,-4.84305373568723,-5.22501062906926,-5.68499846813578,-5.65156221655136,-5.14455712377576,-4.7455557128141,-4.90656885749524,-4.87438164217698,-5.45748569589672,-5.18844449262835,-5.80958007472035,-4.76314098338939,-5.36947895611161,-5.3313169194959,-4.49022722056214,-5.31636750081847,-4.76172678983064,-5.45445715332654,-5.62318000841666,-5.6384483564839,-5.24355337350916,-5.69569707745311,-5.60148925081018,-5.36335400457602,-5.56792129136803,-5.75249684106041,-5.56168866331318,-5.73213943611693,-4.95143886381319,-5.87696558901567,-5.64714520051763,-5.46543288806695,-5.72020371698273,-6.8667326801309,-5.96972007683383,-5.37903280183677,-5.32294378994252,-5.61376914051937,-5.35527507819757,-5.52768181600332,-5.68230592725047,-5.29938468005317,2.05167105136874,1.36099862365826,-2.64528789756447,2.95190786487593,-0.0574350615445178,-2.25142271602297,-0.388990210220011,1.27298852148587,1.98180466151191,-6.51128940393899,-6.3475826818845,-5.86247815455885,-5.68366868902535,-5.36160441816893,-5.86763724908761,-5.59577975816976,-5.40258172002144,-5.53239957176314,-5.57150292925662,-5.63206317215185,1.24186603272283,0.503416822224746,-5.66198155335271,-3.86895832145187,1.08187705129829,-1.70099635592174,2.46382799269425,2.35002887956108,0.78473461135328,1.21611572350178,1.47385319065099,2.80614058419324,2.66785835542102,-1.31431112363552,-0.523277576885599,0.395609625334249,-0.256407042153192,-0.524901743135037,0.0642897146634486,-1.22072437158309,0.611386617496697,0.272188399845692,0.495451528840514,0.473360952779042,1.93383700742955,-0.113740922536825,-0.377740116150017,0.630036477534722,-0.000852421499911267,0.263618731030055,2.55665614869573,1.28281472928778,-2.05258804606475,-5.84707016028737,-0.0457578823921168,1.62083749319949,0.752317413705894,0.188282150055654,0.548541760986595,0.396425317773941,1.87869102542162,3.16032184509269,1.22231543329438,2.19728401190399,2.62092146874372,1.7746850468575,1.44462523402845,1.82100212967671,2.53613070724424,0.986814247923827,1.24561779323795,1.73954154581826,1.54232447520817,1.05811323633513,1.06292747529694,1.85780055072804,0.658249392146064,0.953467393355597,1.63316270796324,1.61987961833864,1.35975042616776
"IL3RA",-5.50058978523903,-4.55857114345561,-4.54692149410134,-5.52779698600844,-5.6788243110207,-4.28782579327428,-5.48699713755428,-3.74199426202846,-3.53254029865262,-5.10967573259974,-5.14632930383408,-5.30138489336127,-4.00774158324552,-5.26999057542759,0.87193406917805,0.0265624419152151,1.25066515178757,-2.2907732205367,-5.64170495901184,-5.40009184678092,-5.6122354339257,-5.4018622176577,-5.45349615723086,-5.4896015339753,-5.33165001075468,-4.84305373568723,-5.22501062906926,-5.68499846813578,-5.65156221655136,-5.14455712377576,-4.7455557128141,-4.90656885749524,-4.87438164217698,-5.45748569589672,-5.18844449262835,-5.80958007472035,-4.76314098338939,-5.36947895611161,-5.3313169194959,-4.49022722056214,-5.31636750081847,-4.76172678983064,-5.45445715332654,-5.62318000841666,-5.6384483564839,-5.24355337350916,-5.69569707745311,-5.60148925081018,-5.36335400457602,-5.56792129136803,-5.75249684106041,-5.56168866331318,-5.73213943611693,-4.95143886381319,-5.87696558901567,-5.64714520051763,-5.46543288806695,-5.72020371698273,-6.8667326801309,-5.96972007683383,-5.37903280183677,-5.32294378994252,-5.61376914051937,-5.35527507819757,-5.52768181600332,-5.68230592725047,-5.29938468005317,-5.84919575661201,1.49960386188776,-1.75220310148098,2.22186999130079,-1.93190417946066,-1.1734202040217,-0.999043691903998,0.673812161545017,1.53586112064735,-6.51128940393899,-6.3475826818845,-5.86247815455885,-5.68366868902535,-5.36160441816893,-5.86763724908761,-5.59577975816976,-5.40258172002144,-5.53239957176314,-5.57150292925662,-5.63206317215185,0.797563938938793,1.97944495139274,0.487765566151971,1.74575152266334,-0.0500346242072925,2.08237970320142,2.20987669162289,1.92361231815174,1.29420691249017,2.62955643784629,2.70917017807692,2.38617078937216,-0.561876041256595,3.26024978162517,1.08118109946135,0.567562308123544,3.2789734297174,0.491776998011594,2.81040700719919,2.71338769276045,2.53575217965985,-0.299717948050018,1.59813719281508,1.67883007107902,1.19040191793378,0.154192282709808,-0.577048924373423,1.3109680367866,2.54721049640972,1.17720397921258,2.77078095404858,2.66132635254151,0.660130001854778,0.692088650820658,1.37984885859691,1.31450625336315,0.901695037744121,0.445439989552778,0.548541760986595,0.442967903710972,1.45659876860882,0.62426894485248,0.395851688289076,0.720574401834857,2.22316196089671,1.71609039294665,1.25053818191215,0.963513774144464,0.195405016902751,1.08549852278323,2.04574838852764,1.31212032208358,1.98421319413644,1.45791622191881,1.43443759903486,1.71401076413068,0.59482401200443,1.57984982145673,1.96606192067161,1.54635058291667,1.33914014649247
"CSF2RA",-5.50058978523903,-4.55857114345561,-4.54692149410134,-5.52779698600844,-5.6788243110207,-4.28782579327428,-5.48699713755428,-3.74199426202846,-3.53254029865262,-5.10967573259974,-5.14632930383408,-5.30138489336127,-4.00774158324552,-5.26999057542759,4.3073202138487,2.69305482813297,3.45566292014351,3.36266901806723,-5.64170495901184,-5.40009184678092,-5.6122354339257,-5.4018622176577,-5.45349615723086,-5.4896015339753,-5.33165001075468,-4.84305373568723,-5.22501062906926,-5.68499846813578,-5.65156221655136,-5.14455712377576,-4.7455557128141,-4.90656885749524,-4.87438164217698,-5.45748569589672,-5.18844449262835,-5.80958007472035,-4.76314098338939,-5.36947895611161,-5.3313169194959,-4.49022722056214,-5.31636750081847,-4.76172678983064,-5.45445715332654,-5.62318000841666,-5.6384483564839,-5.24355337350916,-5.69569707745311,-5.60148925081018,-5.36335400457602,-5.56792129136803,-5.75249684106041,-5.56168866331318,-5.73213943611693,-4.95143886381319,-5.87696558901567,-5.64714520051763,-5.46543288806695,-5.72020371698273,-6.8667326801309,-5.96972007683383,-5.37903280183677,-5.32294378994252,-5.61376914051937,-5.35527507819757,-5.52768181600332,-5.68230592725047,-5.29938468005317,0.490654246272615,0.138606202321809,3.10577789364659,3.17355605352066,2.94801936854759,4.34849012616416,3.13240716172368,3.46061552466165,3.83026478689918,-6.51128940393899,-6.3475826818845,-5.86247815455885,-5.68366868902535,-5.36160441816893,-5.86763724908761,-5.59577975816976,-5.40258172002144,-5.53239957176314,-5.57150292925662,-5.63206317215185,6.37808509687817,6.17172164717628,7.27410422832697,3.79163188408266,1.95761894833614,5.2415181494175,4.45748646582042,6.21018575949481,6.04644240096404,4.4687392956308,5.30295162565335,4.40742333860076,5.60518362649133,3.52293617273266,4.35286345573949,3.66736812399168,1.73381193705422,4.62909206966265,2.32184899043109,3.43408211775218,3.21943273133089,3.25570027705712,3.36237571713139,2.59336072888967,1.97205632966004,2.54301226125234,3.58394295229888,2.13657233129906,2.76853465035867,3.60222556706405,3.75689542779363,3.10956390213869,1.34734256082388,3.80218601722994,4.00462430680593,3.22243066846477,3.05310674153511,2.93401795384959,4.24335144255482,5.39864087240577,3.31034659615088,4.2849989531916,3.87955999823302,3.14319649634169,4.12648594148503,3.4701470888442,3.58167010412935,4.6573457171881,4.94502720285358,3.82306014878642,3.8456346396814,4.71998874839686,4.08067603363773,3.69272602717334,3.31032390276328,4.02582351492598,4.31507787906654,3.89084835618584,4.28799001555897,4.69941409172802,3.810786123684
"PLCXD1",-5.50058978523903,-4.55857114345561,-4.54692149410134,-5.52779698600844,-5.6788243110207,-4.28782579327428,-5.48699713755428,-3.74199426202846,-3.53254029865262,-5.10967573259974,-5.14632930383408,-5.30138489336127,-4.00774158324552,-5.26999057542759,1.97146974272896,1.4204766496283,0.926314394633356,1.22580230520421,-5.64170495901184,-5.40009184678092,-5.6122354339257,-5.4018622176577,-5.45349615723086,-5.4896015339753,-5.33165001075468,-4.84305373568723,-5.22501062906926,-5.68499846813578,-5.65156221655136,-5.14455712377576,-4.7455557128141,-4.90656885749524,-4.87438164217698,-5.45748569589672,-5.18844449262835,-5.80958007472035,-4.76314098338939,-5.36947895611161,-5.3313169194959,-4.49022722056214,-5.31636750081847,-4.76172678983064,-5.45445715332654,-5.62318000841666,-5.6384483564839,-5.24355337350916,-5.69569707745311,-5.60148925081018,-5.36335400457602,-5.56792129136803,-5.75249684106041,-5.56168866331318,-5.73213943611693,-4.95143886381319,-5.87696558901567,-5.64714520051763,-5.46543288806695,-5.72020371698273,-6.8667326801309,-5.96972007683383,-5.37903280183677,-5.32294378994252,-5.61376914051937,-5.35527507819757,-5.52768181600332,-5.68230592725047,-5.29938468005317,3.2249457061405,3.2310524510864,3.53319911738127,4.55412768908188,3.1696338470014,2.39243347375175,2.31527121887349,2.09774972014709,2.77117810807329,-6.51128940393899,-6.3475826818845,-5.86247815455885,-5.68366868902535,-5.36160441816893,-5.86763724908761,-5.59577975816976,-5.40258172002144,-5.53239957176314,-5.57150292925662,-5.63206317215185,2.80346454037848,2.84617842052927,2.91166563414061,3.70847050658388,3.79838854769007,2.57010747988794,3.7908093153079,3.5258787149605,4.48778318199713,3.9136061492204,3.71638968459,3.28026871403724,4.15694220619935,1.82206131809577,1.86763712819307,3.25924702298888,3.40141833192752,2.91611224187253,2.79468265490617,2.53161644847003,3.52549844039929,3.09445503130722,3.27552062497698,2.67243229988087,2.91923963121659,1.80293069386428,2.33339949064828,1.72957215108564,2.80650250055769,1.24674491246566,1.96204347794085,3.06610594645491,2.29318679077698,3.70175174817138,1.31523977717384,3.4371255400271,2.00438070171868,1.9075457424884,3.53247339235894,3.78536010115805,2.57858929298743,3.01253953456854,2.19493899436308,2.09372782007739,2.63246309062641,2.09517690962934,2.11130238454098,1.80514817847587,2.37840984538905,3.48178484776494,2.88987747764288,3.74876007584764,3.46744580789377,3.69662520533302,3.71202031343781,3.93685311375422,0.308915139918049,2.77871951993976,1.4701044260092,1.20782597749862,1.65482730140569
"HYI",-5.50058978523903,-4.55857114345561,-4.54692149410134,-5.52779698600844,-5.6788243110207,-4.28782579327428,-5.48699713755428,-3.74199426202846,-3.53254029865262,-5.10967573259974,-5.14632930383408,-5.30138489336127,-4.00774158324552,-5.26999057542759,2.59950096534201,2.41407887843015,1.89568277597969,2.82932062495361,-5.64170495901184,-5.40009184678092,-5.6122354339257,-5.4018622176577,-5.45349615723086,-5.4896015339753,-5.33165001075468,-4.84305373568723,-5.22501062906926,-5.68499846813578,-5.65156221655136,-5.14455712377576,-4.7455557128141,-4.90656885749524,-4.87438164217698,-5.45748569589672,-5.18844449262835,-5.80958007472035,-4.76314098338939,-5.36947895611161,-5.3313169194959,-4.49022722056214,-5.31636750081847,-4.76172678983064,-5.45445715332654,-5.62318000841666,-5.6384483564839,-5.24355337350916,-5.69569707745311,-5.60148925081018,-5.36335400457602,-5.56792129136803,-5.75249684106041,-5.56168866331318,-5.73213943611693,-4.95143886381319,-5.87696558901567,-5.64714520051763,-5.46543288806695,-5.72020371698273,-6.8667326801309,-5.96972007683383,-5.37903280183677,-5.32294378994252,-5.61376914051937,-5.35527507819757,-5.52768181600332,-5.68230592725047,-5.29938468005317,4.4602805972291,3.96801804525261,3.45725026414797,5.15444723057296,2.57765091860247,2.5386542146028,2.4603879267333,3.88133394964498,3.57784357012212,-6.51128940393899,-6.3475826818845,-5.86247815455885,-5.68366868902535,-5.36160441816893,-5.86763724908761,-5.59577975816976,-5.40258172002144,-5.53239957176314,-5.57150292925662,-5.63206317215185,3.96222362416846,4.57848263732562,4.20065580420608,2.81754220573135,2.529802844336,3.59574340687479,4.35476954502483,3.89892212557471,4.0600922956372,4.3457634718457,3.29574013861997,4.43634247029951,4.24793035979511,1.98252599028901,3.16807426842753,3.79053354392749,3.67113070429809,4.08638045612504,3.61608535144941,3.97379799359998,4.15304533399699,3.94820956539357,4.06655137617992,2.17153406394819,2.02755144225174,3.6180629665136,3.45922646201813,3.34275452545425,4.56023297720331,4.12044232935196,3.53403784603371,3.95851182721251,3.2162788050712,4.45556876350018,2.65250418244361,2.99934911645322,1.65745822736445,1.99060148221596,4.07606825661154,4.60907119420088,3.98548055356464,4.46161860720792,4.28467609918229,4.41027773523819,4.69846649063781,3.93581066119301,4.26632117915308,4.70297692434094,4.02788004615426,4.00426321868004,4.02679406280014,4.52988586501692,3.96412177619697,4.17592001189225,4.12101383638266,4.88113305455867,3.65630898157663,3.28098733648731,3.38437455198331,3.79079992512632,3.4704974916753
"CHTF8",-5.50058978523903,-4.55857114345561,-4.54692149410134,-5.52779698600844,-5.6788243110207,-4.28782579327428,-5.48699713755428,-3.74199426202846,-3.53254029865262,-5.10967573259974,-5.14632930383408,-5.30138489336127,-4.00774158324552,-5.26999057542759,4.67526847295997,4.14526212000235,4.25670406826892,4.14848051616297,-5.64170495901184,-5.40009184678092,-5.6122354339257,-5.4018622176577,-5.45349615723086,-5.4896015339753,-5.33165001075468,-4.84305373568723,-5.22501062906926,-5.68499846813578,-5.65156221655136,-5.14455712377576,-4.7455557128141,-4.90656885749524,-4.87438164217698,-5.45748569589672,-5.18844449262835,-5.80958007472035,-4.76314098338939,-5.36947895611161,-5.3313169194959,-4.49022722056214,-5.31636750081847,-4.76172678983064,-5.45445715332654,-5.62318000841666,-5.6384483564839,-5.24355337350916,-5.69569707745311,-5.60148925081018,-5.36335400457602,-5.56792129136803,-5.75249684106041,-5.56168866331318,-5.73213943611693,-4.95143886381319,-5.87696558901567,-5.64714520051763,-5.46543288806695,-5.72020371698273,-6.8667326801309,-5.96972007683383,-5.37903280183677,-5.32294378994252,-5.61376914051937,-5.35527507819757,-5.52768181600332,-5.68230592725047,-5.29938468005317,5.35231558788814,4.48716079925453,4.99959842080874,4.71927965950183,4.21784294004402,4.35508531497945,4.16453978266449,4.52834114159672,4.30706461709702,-6.51128940393899,-6.3475826818845,-5.86247815455885,-5.68366868902535,-5.36160441816893,-5.86763724908761,-5.59577975816976,-5.40258172002144,-5.53239957176314,-5.57150292925662,-5.63206317215185,5.02290967766459,4.95926706945511,4.44523552223867,5.17634630285374,5.11390940018429,4.97251658130736,5.35408693557708,4.92279608331193,5.27997829688373,5.2008744331385,4.31330498807293,4.44269097357304,4.55161808988424,4.22324201669921,4.57195795923169,5.26488133493126,5.08392426016572,5.13164783983514,4.56486002809423,5.27646216904963,5.26513702550068,5.1210958113478,5.36480517890262,4.16014730364638,4.24799821927322,4.07406559846919,4.60617289968235,3.89830926029049,4.94769179530745,4.21889692751254,4.92402721434426,4.42204293350717,5.25220689901942,4.89017718274036,4.59583347953775,4.08596022391464,4.29062982112823,4.13222634042012,4.35720051959104,4.5491673075429,4.31944880325813,4.14117400349589,4.31296514361371,4.21435752526293,4.97266785168059,4.0290203606967,4.1318112433414,4.36734842911316,4.51851516432727,4.77858222732862,4.30854135932767,4.70491145855594,4.59453126913449,4.72649174524392,4.84336973566452,4.82098221675729,4.22892123531683,3.96219515766813,4.25616456970357,4.20334787237946,4.07038591141474
"ASMTL",-5.50058978523903,-4.55857114345561,-4.54692149410134,-5.52779698600844,-5.6788243110207,-4.28782579327428,-5.48699713755428,-3.74199426202846,-3.53254029865262,-5.10967573259974,-5.14632930383408,-5.30138489336127,-4.00774158324552,-5.26999057542759,4.70712319943238,3.94681142037875,4.16206719413084,4.10345126800672,-5.64170495901184,-5.40009184678092,-5.6122354339257,-5.4018622176577,-5.45349615723086,-5.4896015339753,-5.33165001075468,-4.84305373568723,-5.22501062906926,-5.68499846813578,-5.65156221655136,-5.14455712377576,-4.7455557128141,-4.90656885749524,-4.87438164217698,-5.45748569589672,-5.18844449262835,-5.80958007472035,-4.76314098338939,-5.36947895611161,-5.3313169194959,-4.49022722056214,-5.31636750081847,-4.76172678983064,-5.45445715332654,-5.62318000841666,-5.6384483564839,-5.24355337350916,-5.69569707745311,-5.60148925081018,-5.36335400457602,-5.56792129136803,-5.75249684106041,-5.56168866331318,-5.73213943611693,-4.95143886381319,-5.87696558901567,-5.64714520051763,-5.46543288806695,-5.72020371698273,-6.8667326801309,-5.96972007683383,-5.37903280183677,-5.32294378994252,-5.61376914051937,-5.35527507819757,-5.52768181600332,-5.68230592725047,-5.29938468005317,6.51849199965804,6.00485481343298,5.99805295195084,5.63176900810614,4.33488236123424,4.28082496790027,4.64633032551298,5.1416597948639,4.93411667919949,-6.51128940393899,-6.3475826818845,-5.86247815455885,-5.68366868902535,-5.36160441816893,-5.86763724908761,-5.59577975816976,-5.40258172002144,-5.53239957176314,-5.57150292925662,-5.63206317215185,5.64408191656783,6.05800567390238,5.88249996895808,5.83205928375519,5.93308027202271,5.83875897991709,6.40802887466137,5.6260592644996,6.18310107880485,6.25896147132348,6.19554447508329,6.54691714272174,6.5639678917216,4.35224959627276,4.87533525242464,5.0069613261078,4.8044349186899,5.11962531158593,5.12763576555073,5.84587741260574,5.78776086991525,5.70089116956126,5.80848322323948,4.10420381491952,4.13462866481528,5.12407874275216,6.07054274567807,5.21022025563263,6.14642960549406,6.31258075407022,6.14215288198766,5.89597412183959,6.00450114614207,5.72325994074342,5.2497634814491,5.04797722723148,5.48567175431972,5.27884645084703,5.20548700764855,5.4790106536365,4.95493307955845,4.78568244643927,4.96874135670966,5.17287767472205,5.22982569117772,4.62048713306661,5.34477425175792,5.32697633425104,4.97805419427689,5.02539338544406,4.9162616634364,5.02627107834267,4.81246448693404,4.78991712538556,5.06355788607423,5.39001400644248,4.08919647165021,4.50895001586671,4.08153913809155,4.45009462320833,4.41864411522133
"SLC25A6",-5.50058978523903,-4.55857114345561,-4.54692149410134,-5.52779698600844,-5.6788243110207,-4.28782579327428,-5.48699713755428,-3.74199426202846,-3.53254029865262,-5.10967573259974,-5.14632930383408,-5.30138489336127,-4.00774158324552,-5.26999057542759,6.39508865687406,6.34134326422295,6.74294851804018,6.49095076392561,-5.64170495901184,-5.40009184678092,-5.6122354339257,-5.4018622176577,-5.45349615723086,-5.4896015339753,-5.33165001075468,-4.84305373568723,-5.22501062906926,-5.68499846813578,-5.65156221655136,-5.14455712377576,-4.7455557128141,-4.90656885749524,-4.87438164217698,-5.45748569589672,-5.18844449262835,-5.80958007472035,-4.76314098338939,-5.36947895611161,-5.3313169194959,-4.49022722056214,-5.31636750081847,-4.76172678983064,-5.45445715332654,-5.62318000841666,-5.6384483564839,-5.24355337350916,-5.69569707745311,-5.60148925081018,-5.36335400457602,-5.56792129136803,-5.75249684106041,-5.56168866331318,-5.73213943611693,-4.95143886381319,-5.87696558901567,-5.64714520051763,-5.46543288806695,-5.72020371698273,-6.8667326801309,-5.96972007683383,-5.37903280183677,-5.32294378994252,-5.61376914051937,-5.35527507819757,-5.52768181600332,-5.68230592725047,-5.29938468005317,9.13205933568946,8.36147211968827,8.58275771349473,9.22692298304332,8.75974242022243,8.07513160950558,8.00317914512485,7.73381244456526,8.06939013398684,-6.51128940393899,-6.3475826818845,-5.86247815455885,-5.68366868902535,-5.36160441816893,-5.86763724908761,-5.59577975816976,-5.40258172002144,-5.53239957176314,-5.57150292925662,-5.63206317215185,8.75756587100687,9.16052411044252,9.00274348769693,9.09580369212582,8.18969084585553,8.86542365344456,9.34367990560524,8.33944010479505,8.31317723061473,8.80473087087908,8.75319871573895,8.82532330384865,8.61174161350562,7.36067251293573,7.94723604723364,7.90008922481317,7.98083522292769,7.69212602908967,8.16260896778865,9.15777693015477,9.18226244724127,9.21880230525845,9.26574985172614,7.72303073485007,7.43427121480302,8.99707526108532,9.36367250176209,8.69911323385799,9.27590646082372,9.83077890993349,8.81659813863571,8.64157002114923,9.29865795478504,9.01309537609378,8.57305943520671,7.68129847740002,8.55650711561733,8.37436618526058,7.93115210812397,8.18732124327406,8.17979681292962,7.83841661220472,8.35832359267459,8.27377573533333,7.80955499722431,8.34348251753767,8.31015303820937,8.50612428569691,8.2473939315219,8.11235344197121,7.67317239607326,8.08613482986704,7.50603913521733,7.88940717218586,7.74981974643501,8.12739849803334,6.61169488542472,7.52273312330119,7.30256171820282,7.20838476455907,7.31707891007275
"GTPBP6",-5.50058978523903,-4.55857114345561,-4.54692149410134,-5.52779698600844,-5.6788243110207,-4.28782579327428,-5.48699713755428,-3.74199426202846,-3.53254029865262,-5.10967573259974,-5.14632930383408,-5.30138489336127,-4.00774158324552,-5.26999057542759,4.68596505609148,3.8600409509039,3.9548241167446,4.00078122530715,-5.64170495901184,-5.40009184678092,-5.6122354339257,-5.4018622176577,-5.45349615723086,-5.4896015339753,-5.33165001075468,-4.84305373568723,-5.22501062906926,-5.68499846813578,-5.65156221655136,-5.14455712377576,-4.7455557128141,-4.90656885749524,-4.87438164217698,-5.45748569589672,-5.18844449262835,-5.80958007472035,-4.76314098338939,-5.36947895611161,-5.3313169194959,-4.49022722056214,-5.31636750081847,-4.76172678983064,-5.45445715332654,-5.62318000841666,-5.6384483564839,-5.24355337350916,-5.69569707745311,-5.60148925081018,-5.36335400457602,-5.56792129136803,-5.75249684106041,-5.56168866331318,-5.73213943611693,-4.95143886381319,-5.87696558901567,-5.64714520051763,-5.46543288806695,-5.72020371698273,-6.8667326801309,-5.96972007683383,-5.37903280183677,-5.32294378994252,-5.61376914051937,-5.35527507819757,-5.52768181600332,-5.68230592725047,-5.29938468005317,6.69745759104295,5.65785700670274,5.73037218126068,6.00996798750972,5.43052674438588,5.11684121458714,5.65464995299853,5.40952735443364,5.94217494837685,-6.51128940393899,-6.3475826818845,-5.86247815455885,-5.68366868902535,-5.36160441816893,-5.86763724908761,-5.59577975816976,-5.40258172002144,-5.53239957176314,-5.57150292925662,-5.63206317215185,5.71466695700662,6.01149968438842,5.57463064686304,5.92166169031748,5.41009445397508,5.69330143098526,6.4308671292548,5.66855266972159,5.7926687928955,6.06082843037268,5.78494890673736,7.03371135374555,6.25708648344665,5.03411179521075,5.13172370014198,5.05400190826685,5.16258513235504,4.89667385779358,5.07490682203748,6.44664065288579,6.43334914112345,6.1917018414613,6.12361317242433,4.93413025815185,4.77130620208059,5.43078988375964,5.69804092005269,5.45769422608671,6.19852249110349,6.02779599511078,6.01841751356541,6.32075176287604,6.17889983120711,6.42643407367479,5.95997673317915,4.98845166189702,4.70735963149952,4.7361171504557,5.26087285103,5.4790106536365,5.44535770055204,5.60773204858765,5.71151452010399,5.89580077735667,6.94255983674168,5.57019976474463,5.75184993115581,5.71734280594432,5.90083912097579,5.75488143755346,5.17254614208302,5.93996863565792,5.06697375329194,5.52688271955176,5.3792960448424,6.1465617816802,4.04538657581914,4.8244305677702,4.81527270617145,4.65637749147085,4.44781501718319
"SRGAP2B",-5.50058978523903,-4.55857114345561,-4.54692149410134,-5.52779698600844,-5.6788243110207,-4.28782579327428,-5.48699713755428,-3.74199426202846,-3.53254029865262,-5.10967573259974,-5.14632930383408,-5.30138489336127,-4.00774158324552,-5.26999057542759,3.64680668012036,3.27625472015487,3.55701744042048,3.15032657532834,-5.64170495901184,-5.40009184678092,-5.6122354339257,-5.4018622176577,-5.45349615723086,-5.4896015339753,-5.33165001075468,-4.84305373568723,-5.22501062906926,-5.68499846813578,-5.65156221655136,-5.14455712377576,-4.7455557128141,-4.90656885749524,-4.87438164217698,-5.45748569589672,-5.18844449262835,-5.80958007472035,-4.76314098338939,-5.36947895611161,-5.3313169194959,-4.49022722056214,-5.31636750081847,-4.76172678983064,-5.45445715332654,-5.62318000841666,-5.6384483564839,-5.24355337350916,-5.69569707745311,-5.60148925081018,-5.36335400457602,-5.56792129136803,-5.75249684106041,-5.56168866331318,-5.73213943611693,-4.95143886381319,-5.87696558901567,-5.64714520051763,-5.46543288806695,-5.72020371698273,-6.8667326801309,-5.96972007683383,-5.37903280183677,-5.32294378994252,-5.61376914051937,-5.35527507819757,-5.52768181600332,-5.68230592725047,-5.29938468005317,2.90902745811472,3.77679364200984,2.8094520257481,4.79961539322493,3.60207439254169,3.35014175203532,2.4603879267333,3.09508546262004,1.2336769610584,-6.51128940393899,-6.3475826818845,-5.86247815455885,-5.68366868902535,-5.36160441816893,-5.86763724908761,-5.59577975816976,-5.40258172002144,-5.53239957176314,-5.57150292925662,-5.63206317215185,5.26877272535244,4.75410283563089,4.89930639181212,3.86575129877397,3.01376202637368,4.67671473367182,4.87601525388918,4.85252922009026,4.49817167002325,4.34284303554299,4.59499915815761,3.79377808317552,4.26255239415995,2.83613650330749,2.11467801144944,2.44497570265523,3.03796533021361,2.42821186923413,1.48260234597515,4.5379747445304,4.96628765266269,4.58226407264464,4.669312944842,3.73823435827662,3.42547492066674,2.58896184711284,4.57645619423686,2.77687786586399,3.10957156819374,3.99974530508486,3.70577096281595,3.3675951494848,4.47271524398869,4.03098075244116,3.91299383134037,3.89169140349258,3.73582929091732,3.35820715149797,1.25598826823275,2.29223646750197,1.83583554645982,2.37978493539047,2.21688154724376,1.44356705344846,0.638199460175552,1.17891579117976,1.75235944733306,1.91263260514228,2.30358666863217,3.33906279415412,3.2927607766371,3.43827292149699,3.90373585640121,3.60831031889561,4.08172098952502,3.49502680154122,2.98636932074769,2.19177936977816,2.52455221003158,2.89998753753137,2.73983532661218
"MTPN",-5.50058978523903,-4.55857114345561,-4.54692149410134,-5.52779698600844,-5.6788243110207,-4.28782579327428,-5.48699713755428,-3.74199426202846,-3.53254029865262,-5.10967573259974,-5.14632930383408,-5.30138489336127,-4.00774158324552,-5.26999057542759,7.66702495953901,7.84391798006036,8.08330034036817,7.83979734226873,-5.64170495901184,-5.40009184678092,-5.6122354339257,-5.4018622176577,-5.45349615723086,-5.4896015339753,-5.33165001075468,-4.84305373568723,-5.22501062906926,-5.68499846813578,-5.65156221655136,-5.14455712377576,-4.7455557128141,-4.90656885749524,-4.87438164217698,-5.45748569589672,-5.18844449262835,-5.80958007472035,-4.76314098338939,-5.36947895611161,-5.3313169194959,-4.49022722056214,-5.31636750081847,-4.76172678983064,-5.45445715332654,-5.62318000841666,-5.6384483564839,-5.24355337350916,-5.69569707745311,-5.60148925081018,-5.36335400457602,-5.56792129136803,-5.75249684106041,-5.56168866331318,-5.73213943611693,-4.95143886381319,-5.87696558901567,-5.64714520051763,-5.46543288806695,-5.72020371698273,-6.8667326801309,-5.96972007683383,-5.37903280183677,-5.32294378994252,-5.61376914051937,-5.35527507819757,-5.52768181600332,-5.68230592725047,-5.29938468005317,5.94887096375105,6.48333724673343,6.41424970805452,5.89953689148655,6.85708597518838,6.85797267047733,6.35154660526504,7.59809552704074,5.53230680734208,-6.51128940393899,-6.3475826818845,-5.86247815455885,-5.68366868902535,-5.36160441816893,-5.86763724908761,-5.59577975816976,-5.40258172002144,-5.53239957176314,-5.57150292925662,-5.63206317215185,7.68840130231281,7.13859076889967,6.67759012503199,6.61653559377162,6.89447496534395,6.82407264617317,6.07429598236583,6.60814675881164,6.4084224813462,6.78099024943274,6.3481932141157,6.15779592489034,6.3950877647821,7.31441722702647,6.22313391373398,7.16245299958741,6.53167193974422,6.82711601215852,4.75562084038157,6.11615406477024,6.1224165739851,6.18823069382374,6.01644045935213,7.27412881636183,7.38200182857254,7.60344587044142,7.8635895781093,6.81294313063547,6.58547562124547,7.13684821533732,6.8878517815288,6.06334586326967,7.69541839677454,6.55993198763683,7.41928827898835,8.11366599549535,6.26500401345273,6.1844283544856,5.58961169675248,5.57094175991194,6.57289175932778,5.61948740655249,6.3088208394642,6.17723806970223,-1.87964884468707,6.0847212456759,6.57390825097342,6.31548069541321,5.77295766548021,7.4147110946856,6.56577927104351,6.68608047526472,7.1029334180205,7.02418845536601,7.50888286167777,6.2419486705861,6.65752204398804,6.65471496688367,6.10802969256614,6.01560666170802,6.94663012988321
"UTP14C",-5.50058978523903,-4.55857114345561,-4.54692149410134,-5.52779698600844,-5.6788243110207,-4.28782579327428,-5.48699713755428,-3.74199426202846,-3.53254029865262,-5.10967573259974,-5.14632930383408,-5.30138489336127,-4.00774158324552,-5.26999057542759,4.78132067759064,5.74431855648001,5.49451004477511,5.5385971650444,-5.64170495901184,-5.40009184678092,-5.6122354339257,-5.4018622176577,-5.45349615723086,-5.4896015339753,-5.33165001075468,-4.84305373568723,-5.22501062906926,-5.68499846813578,-5.65156221655136,-5.14455712377576,-4.7455557128141,-4.90656885749524,-4.87438164217698,-5.45748569589672,-5.18844449262835,-5.80958007472035,-4.76314098338939,-5.36947895611161,-5.3313169194959,-4.49022722056214,-5.31636750081847,-4.76172678983064,-5.45445715332654,-5.62318000841666,-5.6384483564839,-5.24355337350916,-5.69569707745311,-5.60148925081018,-5.36335400457602,-5.56792129136803,-5.75249684106041,-5.56168866331318,-5.73213943611693,-4.95143886381319,-5.87696558901567,-5.64714520051763,-5.46543288806695,-5.72020371698273,-6.8667326801309,-5.96972007683383,-5.37903280183677,-5.32294378994252,-5.61376914051937,-5.35527507819757,-5.52768181600332,-5.68230592725047,-5.29938468005317,4.12378402945428,5.39321802907061,5.46248962932858,5.37829373740884,5.69664262019865,5.44515849476092,5.69334239179839,4.72382240883158,4.61191919862544,-6.51128940393899,-6.3475826818845,-5.86247815455885,-5.68366868902535,-5.36160441816893,-5.86763724908761,-5.59577975816976,-5.40258172002144,-5.53239957176314,-5.57150292925662,-5.63206317215185,4.80787420771649,3.84876158154328,4.19444397527282,5.39078494223891,5.45404477445564,5.29117942763175,4.79584490520519,4.59411637199684,4.54401579334781,4.38604072494409,4.23838525305777,3.34947598939148,4.08746568760186,4.60824764870887,5.19348940085881,4.00621400931259,3.90700465233045,4.12965102977119,2.48750114538799,5.29610125297805,5.48638448566281,5.57630114550232,5.02721646387489,5.20405635538163,5.1954586880632,4.59460399368961,5.2670465444992,4.66258517140291,3.97434418749952,4.71540488905649,4.71010121631468,4.41166378772717,5.77678233951635,5.10202699544183,5.28954489026864,4.81563716328083,4.40766924231845,4.43250093384528,4.17401942144647,4.24540733535446,5.00253484495766,4.54691455707643,4.51465436636133,4.85432013255244,3.58276047375013,4.79163189135109,5.18637505559617,4.91170750409045,4.65376120124434,5.02849762556779,4.71236810881793,4.78056881407831,5.04212428819825,5.18635672276252,5.36709129070846,4.5899109852699,5.28085232434271,4.95083873479498,4.9952738418881,5.00062971378837,5.12633806996435
"EIF4A1",-5.50058978523903,-4.55857114345561,-4.54692149410134,-5.52779698600844,-5.6788243110207,-4.28782579327428,-5.48699713755428,-3.74199426202846,-3.53254029865262,-5.10967573259974,-5.14632930383408,-5.30138489336127,-4.00774158324552,-5.26999057542759,2.28462762798859,2.16254011143419,0.0975858217831851,1.69917311479938,-5.64170495901184,-5.40009184678092,-5.6122354339257,-5.4018622176577,-5.45349615723086,-5.4896015339753,-5.33165001075468,-4.84305373568723,-5.22501062906926,-5.68499846813578,-5.65156221655136,-5.14455712377576,-4.7455557128141,-4.90656885749524,-4.87438164217698,-5.45748569589672,-5.18844449262835,-5.80958007472035,-4.76314098338939,-5.36947895611161,-5.3313169194959,-4.49022722056214,-5.31636750081847,-4.76172678983064,-5.45445715332654,-5.62318000841666,-5.6384483564839,-5.24355337350916,-5.69569707745311,-5.60148925081018,-5.36335400457602,-5.56792129136803,-5.75249684106041,-5.56168866331318,-5.73213943611693,-4.95143886381319,-5.87696558901567,-5.64714520051763,-5.46543288806695,-5.72020371698273,-6.8667326801309,-5.96972007683383,-5.37903280183677,-5.32294378994252,-5.61376914051937,-5.35527507819757,-5.52768181600332,-5.68230592725047,-5.29938468005317,3.00567262664823,3.53495913833573,1.48987168571716,1.06698438932262,-1.19493858529445,-0.666460215301814,-0.292774894960708,1.34651755690784,1.48969093921442,-6.51128940393899,-6.3475826818845,-5.86247815455885,-5.68366868902535,-5.36160441816893,-5.86763724908761,-5.59577975816976,-5.40258172002144,-5.53239957176314,-5.57150292925662,-5.63206317215185,2.57418573345679,0.554947122864828,2.60948147455166,1.1459920200141,2.14356937370453,1.75843526271556,1.5663977263348,2.21785880011418,1.16975954156568,1.53548811348538,1.22663549027997,1.50620149307893,2.56150637424869,0.861130882774358,0.756830342307137,1.31099739761931,1.73381193705422,-0.593614493219051,0.822088812246821,-0.186777039659752,1.32961564908132,-1.26124380023538,1.35913005762773,1.16243185684094,1.344025107047,2.19636173695375,-5.33193642653689,2.52927350059981,1.72293778391856,3.1992977500632,2.79272350692925,2.42031825303771,-0.69895109145005,1.51925205395844,0.0631764891610469,0.965172001135132,0.328509704799318,0.896819335895343,1.27818401434694,0.0202768318886923,1.71491076420021,2.5048968556474,1.69841445830951,1.31131925515002,-0.69522427354964,1.50733764815262,0.914110517329672,2.15705133280873,1.38360875206337,2.11500251709332,2.15720881901619,2.30713691456933,2.67375028574253,1.6946769335435,1.51038645226816,2.14627000393811,1.41371132992966,1.34378246322321,1.0091306425635,1.60184569550838,0.87841055652076
"SIK1",-5.50058978523903,-4.55857114345561,-4.54692149410134,-5.52779698600844,-5.6788243110207,-4.28782579327428,-5.48699713755428,-3.74199426202846,-3.53254029865262,-5.10967573259974,-5.14632930383408,-5.30138489336127,-4.00774158324552,-5.26999057542759,3.37001911921924,3.39146057576814,3.85645537185394,3.6026968593095,-5.64170495901184,-5.40009184678092,-5.6122354339257,-5.4018622176577,-5.45349615723086,-5.4896015339753,-5.33165001075468,-4.84305373568723,-5.22501062906926,-5.68499846813578,-5.65156221655136,-5.14455712377576,-4.7455557128141,-4.90656885749524,-4.87438164217698,-5.45748569589672,-5.18844449262835,-5.80958007472035,-4.76314098338939,-5.36947895611161,-5.3313169194959,-4.49022722056214,-5.31636750081847,-4.76172678983064,-5.45445715332654,-5.62318000841666,-5.6384483564839,-5.24355337350916,-5.69569707745311,-5.60148925081018,-5.36335400457602,-5.56792129136803,-5.75249684106041,-5.56168866331318,-5.73213943611693,-4.95143886381319,-5.87696558901567,-5.64714520051763,-5.46543288806695,-5.72020371698273,-6.8667326801309,-5.96972007683383,-5.37903280183677,-5.32294378994252,-5.61376914051937,-5.35527507819757,-5.52768181600332,-5.68230592725047,-5.29938468005317,4.48507752869518,5.00824540263376,4.59584405437026,4.12587807837619,3.3940258459842,2.59546057022127,3.08841914934634,3.66485685631054,5.25194467323778,-6.51128940393899,-6.3475826818845,-5.86247815455885,-5.68366868902535,-5.36160441816893,-5.86763724908761,-5.59577975816976,-5.40258172002144,-5.53239957176314,-5.57150292925662,-5.63206317215185,4.984469702765,5.44742336659573,6.90002231029884,5.83552175351531,4.59872452709483,4.66330669068742,4.46509295993082,3.23637209776551,3.84498549245509,4.35738645548479,3.19597493757817,3.27316182754298,0.878696550129387,4.96917643662999,4.1577815134197,4.96142272039793,4.94670943902307,4.44222395960685,7.02249967516478,3.51881516624694,3.4794955706334,4.3126026682916,4.13267026669309,3.93279257141634,3.93625560823219,5.00371665901135,6.50371926430291,5.10087285944427,6.11273190908707,6.08231236947909,6.9725950507161,5.23161227663022,5.86958336748373,3.72846908654716,3.60148889658338,4.48787444269494,3.22362313263148,2.86964913472987,5.48017694841202,6.37670538800804,4.36034280890048,3.90662152788605,4.38982790066131,4.33279898256047,2.11213064850796,3.6991726025131,4.64560098142973,3.81111384531226,2.79994305596067,5.26795443993192,3.65370253187503,4.35982717548287,5.68465291227753,2.69077247908758,3.68932576616701,3.00666393664252,5.73609880869,6.22443171297759,4.32595786575799,3.77881070066332,3.90844938290214
"PPP2R3B",-5.50058978523903,-4.55857114345561,-4.54692149410134,-5.52779698600844,-5.6788243110207,-4.28782579327428,-5.48699713755428,-3.74199426202846,-3.53254029865262,-5.10967573259974,-5.14632930383408,-5.30138489336127,-4.00774158324552,-5.26999057542759,3.9066437234657,2.99690246839498,2.94737601016119,3.33696330387475,-5.64170495901184,-5.40009184678092,-5.6122354339257,-5.4018622176577,-5.45349615723086,-5.4896015339753,-5.33165001075468,-4.84305373568723,-5.22501062906926,-5.68499846813578,-5.65156221655136,-5.14455712377576,-4.7455557128141,-4.90656885749524,-4.87438164217698,-5.45748569589672,-5.18844449262835,-5.80958007472035,-4.76314098338939,-5.36947895611161,-5.3313169194959,-4.49022722056214,-5.31636750081847,-4.76172678983064,-5.45445715332654,-5.62318000841666,-5.6384483564839,-5.24355337350916,-5.69569707745311,-5.60148925081018,-5.36335400457602,-5.56792129136803,-5.75249684106041,-5.56168866331318,-5.73213943611693,-4.95143886381319,-5.87696558901567,-5.64714520051763,-5.46543288806695,-5.72020371698273,-6.8667326801309,-5.96972007683383,-5.37903280183677,-5.32294378994252,-5.61376914051937,-5.35527507819757,-5.52768181600332,-5.68230592725047,-5.29938468005317,4.52909909929988,3.97199241426991,3.79290988663361,6.54681853451327,5.30437582451588,5.18320551161375,5.54987958991958,4.15387247896544,4.36575861135604,-6.51128940393899,-6.3475826818845,-5.86247815455885,-5.68366868902535,-5.36160441816893,-5.86763724908761,-5.59577975816976,-5.40258172002144,-5.53239957176314,-5.57150292925662,-5.63206317215185,4.07871489592191,2.79351947125671,4.6452192557881,5.53405370212313,5.22589173109191,5.38891242268908,6.28593195149322,4.27653952953331,4.67111260963609,4.93023964354122,3.4935971259494,5.04496917092149,4.70223139924243,3.88705234206133,5.72115907442515,4.24030545933542,3.45598052929235,4.11357626691312,4.1110664853329,3.80269997392824,4.14234875086549,4.22384400800699,4.24595260305543,5.85088137362972,6.0891646326589,4.1186065794393,3.17981622723049,2.82768223653548,5.22271054354447,4.15702609727495,2.9668766316768,4.29604188845976,4.28726195681987,3.09837367609054,3.26765871263973,4.82927332378622,5.00024492714948,4.7361171504557,3.85393975095147,3.98335736834487,3.5098237075757,4.19072597672156,4.18523317660642,4.20506975687058,6.80334573899462,3.83959534593371,3.75439571448958,4.09809258569373,4.61450177079711,4.29720584831407,3.83896320563852,4.50398787640657,4.02506832704828,4.18981891554695,4.12585104138666,5.18029876814442,3.02898366480807,2.80224224279318,3.11937595926901,3.45638088605576,2.83122387107632
"KTI12",-5.50058978523903,-4.55857114345561,-4.54692149410134,-5.52779698600844,-5.6788243110207,-4.28782579327428,-5.48699713755428,-3.74199426202846,-3.53254029865262,-5.10967573259974,-5.14632930383408,-5.30138489336127,-4.00774158324552,-5.26999057542759,3.76249446384599,3.39146057576814,3.2039241399709,3.34343279920431,-5.64170495901184,-5.40009184678092,-5.6122354339257,-5.4018622176577,-5.45349615723086,-5.4896015339753,-5.33165001075468,-4.84305373568723,-5.22501062906926,-5.68499846813578,-5.65156221655136,-5.14455712377576,-4.7455557128141,-4.90656885749524,-4.87438164217698,-5.45748569589672,-5.18844449262835,-5.80958007472035,-4.76314098338939,-5.36947895611161,-5.3313169194959,-4.49022722056214,-5.31636750081847,-4.76172678983064,-5.45445715332654,-5.62318000841666,-5.6384483564839,-5.24355337350916,-5.69569707745311,-5.60148925081018,-5.36335400457602,-5.56792129136803,-5.75249684106041,-5.56168866331318,-5.73213943611693,-4.95143886381319,-5.87696558901567,-5.64714520051763,-5.46543288806695,-5.72020371698273,-6.8667326801309,-5.96972007683383,-5.37903280183677,-5.32294378994252,-5.61376914051937,-5.35527507819757,-5.52768181600332,-5.68230592725047,-5.29938468005317,4.12665221139477,3.28316448360569,2.98614903295619,2.20448791307255,3.40992347286441,3.55306687234024,3.58907914971049,3.47298155786576,3.08245181049599,-6.51128940393899,-6.3475826818845,-5.86247815455885,-5.68366868902535,-5.36160441816893,-5.86763724908761,-5.59577975816976,-5.40258172002144,-5.53239957176314,-5.57150292925662,-5.63206317215185,3.64490373091127,3.60775348203948,3.24190029238347,3.17907437496993,2.89123155100224,3.18727856151943,3.1387326187282,2.81166679170206,1.75904796768963,3.56836426973207,3.04358921714748,3.31528730321565,3.4928897621743,2.51770585265635,2.67258421374034,3.77657749757877,4.14331833035984,3.42604403255142,4.06919962878726,2.21350669292906,3.57803936030826,2.9866837132082,3.18309969353623,3.33843137269293,3.21849422496314,3.80097978749412,2.37542270554399,2.63575012872912,3.67926731226158,2.62525653571939,3.51436442697929,3.98208580010625,4.53404327501702,3.95544620483385,3.72268594324726,3.06536628918773,2.56341473744931,3.04504926623834,2.89221943926441,3.3755810639811,3.54572465908181,2.86951403724275,3.74257224462773,3.37067453276644,3.34391412035732,3.4833829160009,4.03797064642902,3.82297167952648,3.64187820972842,2.35151062841692,2.56552672048866,2.88375529115775,2.35087023104439,2.93478494252778,2.19307498545117,2.61289923565422,3.36938899894436,3.0710978873557,2.8805104765564,2.78481776711119,2.84590791683343
"TREX1",-5.50058978523903,-4.55857114345561,-4.54692149410134,-5.52779698600844,-5.6788243110207,-4.28782579327428,-5.48699713755428,-3.74199426202846,-3.53254029865262,-5.10967573259974,-5.14632930383408,-5.30138489336127,-4.00774158324552,-5.26999057542759,3.95608671002958,3.44892062764246,3.24824248952072,3.47888099233568,-5.64170495901184,-5.40009184678092,-5.6122354339257,-5.4018622176577,-5.45349615723086,-5.4896015339753,-5.33165001075468,-4.84305373568723,-5.22501062906926,-5.68499846813578,-5.65156221655136,-5.14455712377576,-4.7455557128141,-4.90656885749524,-4.87438164217698,-5.45748569589672,-5.18844449262835,-5.80958007472035,-4.76314098338939,-5.36947895611161,-5.3313169194959,-4.49022722056214,-5.31636750081847,-4.76172678983064,-5.45445715332654,-5.62318000841666,-5.6384483564839,-5.24355337350916,-5.69569707745311,-5.60148925081018,-5.36335400457602,-5.56792129136803,-5.75249684106041,-5.56168866331318,-5.73213943611693,-4.95143886381319,-5.87696558901567,-5.64714520051763,-5.46543288806695,-5.72020371698273,-6.8667326801309,-5.96972007683383,-5.37903280183677,-5.32294378994252,-5.61376914051937,-5.35527507819757,-5.52768181600332,-5.68230592725047,-5.29938468005317,6.03077032305235,5.30931677146166,4.80592321426786,3.38891248420998,3.71515444235241,4.2098293382387,4.60008614074375,4.97197683604289,4.76270943362084,-6.51128940393899,-6.3475826818845,-5.86247815455885,-5.68366868902535,-5.36160441816893,-5.86763724908761,-5.59577975816976,-5.40258172002144,-5.53239957176314,-5.57150292925662,-5.63206317215185,4.45366638933773,5.50750957685863,4.69886553082695,4.5446696075723,3.71504864506206,3.7809582793417,4.55812333635587,4.08553646951942,4.0600922956372,4.5213502315699,4.27143813152728,5.83478214448262,5.45625788746864,3.43688661937889,4.06780582839635,4.93653464156908,4.1470080895089,4.95647530582839,4.77177434759613,4.48630601604134,4.26575316688988,3.46524327612656,3.80550552343958,3.33843137269293,3.0046873339,3.8280552880199,3.18769982630632,2.92421958193918,3.70629751823073,4.12044232935196,2.91780063997937,3.81886762952799,3.60085419253917,4.40204329242635,3.74329622292254,4.3955672677626,4.50428743248707,4.58394689461652,5.12051036422955,5.27866745146254,4.14319084025991,4.38104109136089,4.01721983543897,4.66858973082958,6.35484202475665,4.06468096201915,4.67814435469405,4.81606645931056,4.63644432367779,3.59499545821293,3.44988111146762,3.91520944098906,3.32928336883625,3.83040701510221,4.05660817022666,4.22242834460187,5.16961948656859,4.21094678051612,4.95398908837103,4.73914298738877,4.41125828830062
"PWP2",-5.50058978523903,-4.55857114345561,-4.54692149410134,-5.52779698600844,-5.6788243110207,-4.28782579327428,-5.48699713755428,-3.74199426202846,-3.53254029865262,-5.10967573259974,-5.14632930383408,-5.30138489336127,-4.00774158324552,-5.26999057542759,5.09399187494049,5.36599817486422,5.33470658027019,5.45741962905276,-5.64170495901184,-5.40009184678092,-5.6122354339257,-5.4018622176577,-5.45349615723086,-5.4896015339753,-5.33165001075468,-4.84305373568723,-5.22501062906926,-5.68499846813578,-5.65156221655136,-5.14455712377576,-4.7455557128141,-4.90656885749524,-4.87438164217698,-5.45748569589672,-5.18844449262835,-5.80958007472035,-4.76314098338939,-5.36947895611161,-5.3313169194959,-4.49022722056214,-5.31636750081847,-4.76172678983064,-5.45445715332654,-5.62318000841666,-5.6384483564839,-5.24355337350916,-5.69569707745311,-5.60148925081018,-5.36335400457602,-5.56792129136803,-5.75249684106041,-5.56168866331318,-5.73213943611693,-4.95143886381319,-5.87696558901567,-5.64714520051763,-5.46543288806695,-5.72020371698273,-6.8667326801309,-5.96972007683383,-5.37903280183677,-5.32294378994252,-5.61376914051937,-5.35527507819757,-5.52768181600332,-5.68230592725047,-5.29938468005317,5.40406082316914,4.49822658728112,4.65457425596931,4.75851855424182,4.66800866272647,4.97418641799702,4.88617100705302,5.05108713008538,4.38480436704659,-6.51128940393899,-6.3475826818845,-5.86247815455885,-5.68366868902535,-5.36160441816893,-5.86763724908761,-5.59577975816976,-5.40258172002144,-5.53239957176314,-5.57150292925662,-5.63206317215185,5.42429030297373,5.79150687612787,5.75217512592143,4.60812531554746,4.23615444771012,5.42431775882028,5.94155076018903,5.10077251550494,5.5744024988686,5.76280534725368,5.95328339025692,6.34651661391094,5.88894244707599,5.33103673786357,5.28144612970457,4.96296406140019,5.56962604351001,5.33712284434384,5.67899955877866,5.0813160928596,4.51205869037006,5.07108725382082,5.1506156409684,5.43890967616362,5.33029812393548,4.60582251865516,4.86405087149162,4.49667760532384,5.74183978369325,4.68754081397373,5.49190633951889,5.55923303230674,5.60165016223709,5.79453005554698,4.88637000471542,5.15147283153129,4.7637479944823,5.43528337451661,5.9773524487745,6.49601026285509,5.17434238283751,5.54411375044858,5.31614498850008,5.17763381652707,6.14221444130673,5.13695602910401,5.03880626477899,5.25877125362152,5.01872004686879,4.87485701554699,5.18180269564051,5.14413729837546,5.21948398337245,5.08141332405896,5.17976215841098,5.50370812806192,5.36879663800774,5.18209931512303,4.91375641032715,5.24968873506308,4.84316601855947
"U2AF1",-5.50058978523903,-4.55857114345561,-4.54692149410134,-5.52779698600844,-5.6788243110207,-4.28782579327428,-5.48699713755428,-3.74199426202846,-3.53254029865262,-5.10967573259974,-5.14632930383408,-5.30138489336127,-4.00774158324552,-5.26999057542759,6.7628102556916,6.66133128889423,6.47418099919125,6.56132274766735,-5.64170495901184,-5.40009184678092,-5.6122354339257,-5.4018622176577,-5.45349615723086,-5.4896015339753,-5.33165001075468,-4.84305373568723,-5.22501062906926,-5.68499846813578,-5.65156221655136,-5.14455712377576,-4.7455557128141,-4.90656885749524,-4.87438164217698,-5.45748569589672,-5.18844449262835,-5.80958007472035,-4.76314098338939,-5.36947895611161,-5.3313169194959,-4.49022722056214,-5.31636750081847,-4.76172678983064,-5.45445715332654,-5.62318000841666,-5.6384483564839,-5.24355337350916,-5.69569707745311,-5.60148925081018,-5.36335400457602,-5.56792129136803,-5.75249684106041,-5.56168866331318,-5.73213943611693,-4.95143886381319,-5.87696558901567,-5.64714520051763,-5.46543288806695,-5.72020371698273,-6.8667326801309,-5.96972007683383,-5.37903280183677,-5.32294378994252,-5.61376914051937,-5.35527507819757,-5.52768181600332,-5.68230592725047,-5.29938468005317,5.77696956329249,5.7625235450432,5.71915946906091,6.91264169956124,6.88862938417074,6.60690371069751,6.71845236046255,6.91174383956773,5.98440833491466,-6.51128940393899,-6.3475826818845,-5.86247815455885,-5.68366868902535,-5.36160441816893,-5.86763724908761,-5.59577975816976,-5.40258172002144,-5.53239957176314,-5.57150292925662,-5.63206317215185,6.05603343597293,6.24708845382409,6.06721430577938,6.46605977287594,6.37014959200441,6.10586305005993,6.53210657398984,6.67268542437095,6.5929985085796,6.93339785571961,6.61734688479436,7.10898611655448,6.80027653124027,6.71626088881612,6.99306567540884,6.6803092899869,7.1370703831331,6.7429737062393,7.51009465576119,6.27760248925724,6.0003760225577,6.27505454674728,6.30491658004553,7.0641389288144,7.25455427971886,6.64523006675958,6.17932206896538,5.90364708975815,7.5071824076681,6.91717206154031,6.43766811247864,6.61118259217239,6.09546477490006,6.08846325266337,5.29513944906184,7.18500355531496,6.27416764912601,6.88702915998791,6.24652104113671,6.77431142534219,6.18469712502081,6.28466340369808,6.59355984624493,6.38136504332295,6.82362555515805,6.51514547838568,6.32743926946941,6.43103862078768,6.06758787792513,7.02752826784746,6.22433825109708,6.9688533810945,6.81440809255216,7.09938125470686,7.05803242914429,7.08258394096174,7.01901389605409,6.61375758792308,6.34919017199571,6.57638655190754,6.46128845262982
"CFAP126",-5.50058978523903,-4.55857114345561,-4.54692149410134,-5.52779698600844,-5.6788243110207,-4.28782579327428,-5.48699713755428,-3.74199426202846,-3.53254029865262,-5.10967573259974,-5.14632930383408,-5.30138489336127,-4.00774158324552,-5.26999057542759,4.80604613352159,3.74240474451567,3.54916601945922,3.92947073422118,-5.64170495901184,-5.40009184678092,-5.6122354339257,-5.4018622176577,-5.45349615723086,-5.4896015339753,-5.33165001075468,-4.84305373568723,-5.22501062906926,-5.68499846813578,-5.65156221655136,-5.14455712377576,-4.7455557128141,-4.90656885749524,-4.87438164217698,-5.45748569589672,-5.18844449262835,-5.80958007472035,-4.76314098338939,-5.36947895611161,-5.3313169194959,-4.49022722056214,-5.31636750081847,-4.76172678983064,-5.45445715332654,-5.62318000841666,-5.6384483564839,-5.24355337350916,-5.69569707745311,-5.60148925081018,-5.36335400457602,-5.56792129136803,-5.75249684106041,-5.56168866331318,-5.73213943611693,-4.95143886381319,-5.87696558901567,-5.64714520051763,-5.46543288806695,-5.72020371698273,-6.8667326801309,-5.96972007683383,-5.37903280183677,-5.32294378994252,-5.61376914051937,-5.35527507819757,-5.52768181600332,-5.68230592725047,-5.29938468005317,2.61432861665917,4.4420288283571,3.09810396576117,3.62280054438426,3.07309650159771,3.60931941878166,3.34921855079683,4.35433706136714,3.9416391284855,-6.51128940393899,-6.3475826818845,-5.86247815455885,-5.68366868902535,-5.36160441816893,-5.86763724908761,-5.59577975816976,-5.40258172002144,-5.53239957176314,-5.57150292925662,-5.63206317215185,2.16144735026753,2.18966265878308,3.06933747767235,3.20071520635494,3.28716022733338,3.32307777905712,2.71415134677849,3.2258221784246,2.6653625221482,2.0032670748362,2.71878818063852,4.2926221415488,4.85477071088391,4.03350113063406,2.41275936438244,5.06982424577011,2.19947550940303,4.86981019478411,2.50693167533689,3.981282809563,3.81537920050117,3.58094110598532,3.32958578201372,3.18508059578614,3.11127326814924,2.45642457625625,3.33694855772935,3.31453465180679,0.44660655547131,2.11347838160219,2.55665614869573,2.81624692936885,2.87024409341279,3.96510714522707,4.16598729474482,2.83604337394267,3.5596723357635,3.32658517232474,4.18287033902873,4.57290505580244,3.79726342607777,3.7087334579556,3.53553945930089,3.76970125930603,3.91121795458197,3.13206197774915,3.78659108215236,3.50742611522313,3.35478009900415,2.99000252555487,3.99413907723331,3.34895709026395,3.60554808452256,3.66513265792948,3.39290409895785,3.25201750642228,3.74662446551082,3.92696275860236,3.91488926868209,3.35774101820943,4.19317885983526
"DGCR6",-5.50058978523903,-4.55857114345561,-4.54692149410134,-5.52779698600844,-5.6788243110207,-4.28782579327428,-5.48699713755428,-3.74199426202846,-3.53254029865262,-5.10967573259974,-5.14632930383408,-5.30138489336127,-4.00774158324552,-5.26999057542759,3.55643224345012,4.6157127395998,4.49399890392268,4.82585953962895,-5.64170495901184,-5.40009184678092,-5.6122354339257,-5.4018622176577,-5.45349615723086,-5.4896015339753,-5.33165001075468,-4.84305373568723,-5.22501062906926,-5.68499846813578,-5.65156221655136,-5.14455712377576,-4.7455557128141,-4.90656885749524,-4.87438164217698,-5.45748569589672,-5.18844449262835,-5.80958007472035,-4.76314098338939,-5.36947895611161,-5.3313169194959,-4.49022722056214,-5.31636750081847,-4.76172678983064,-5.45445715332654,-5.62318000841666,-5.6384483564839,-5.24355337350916,-5.69569707745311,-5.60148925081018,-5.36335400457602,-5.56792129136803,-5.75249684106041,-5.56168866331318,-5.73213943611693,-4.95143886381319,-5.87696558901567,-5.64714520051763,-5.46543288806695,-5.72020371698273,-6.8667326801309,-5.96972007683383,-5.37903280183677,-5.32294378994252,-5.61376914051937,-5.35527507819757,-5.52768181600332,-5.68230592725047,-5.29938468005317,6.0922187143309,5.22023322787924,5.32461249556985,4.82542971089928,4.06056214785393,4.46891655955583,4.20217744002785,5.06476855116539,6.60279780865689,-6.51128940393899,-6.3475826818845,-5.86247815455885,-5.68366868902535,-5.36160441816893,-5.86763724908761,-5.59577975816976,-5.40258172002144,-5.53239957176314,-5.57150292925662,-5.63206317215185,4.21776578292234,4.49519631541978,4.22218896575572,5.58979004117413,5.87262884805302,5.19754689697326,6.18591047468245,5.29116049007245,5.54464237100842,5.14496814312679,5.0748196503936,6.40132485816191,6.1206169971251,2.10847865136751,5.49909023614286,5.00546630520625,2.3733433803148,5.20175207829949,4.01594532282475,5.18704919326315,5.04305270775128,4.06258132982458,4.65879187694953,2.60684395825329,2.78613084952401,4.76640481783916,4.52448910208864,4.7807508750112,5.06719296592319,5.33220956081916,4.5258731663991,5.50004544550845,0.13503895711102,3.50386902125906,2.77767180252356,4.55178047469985,3.4262849204858,3.85032087379545,5.8926690870913,5.57355889449067,5.61230991083143,5.82359486273535,5.52952480383926,6.211654763791,7.10826110204631,5.88974811326529,6.07469502564098,5.30318741922178,6.11992550653306,4.95208775366718,5.56603177739594,5.43427890459517,4.55374565428799,5.11239262875639,4.99118183070676,5.87092733906678,3.43424014329433,5.14117980100325,5.18564115611657,5.00062971378837,5.26527612570391
"NPIPA2",-5.50058978523903,-4.55857114345561,-4.54692149410134,-5.52779698600844,-5.6788243110207,-4.28782579327428,-5.48699713755428,-3.74199426202846,-3.53254029865262,-5.10967573259974,-5.14632930383408,-5.30138489336127,-4.00774158324552,-5.26999057542759,3.93830287879377,3.49208139043143,2.58991734459408,3.27062080904606,-5.64170495901184,-5.40009184678092,-5.6122354339257,-5.4018622176577,-5.45349615723086,-5.4896015339753,-5.33165001075468,-4.84305373568723,-5.22501062906926,-5.68499846813578,-5.65156221655136,-5.14455712377576,-4.7455557128141,-4.90656885749524,-4.87438164217698,-5.45748569589672,-5.18844449262835,-5.80958007472035,-4.76314098338939,-5.36947895611161,-5.3313169194959,-4.49022722056214,-5.31636750081847,-4.76172678983064,-5.45445715332654,-5.62318000841666,-5.6384483564839,-5.24355337350916,-5.69569707745311,-5.60148925081018,-5.36335400457602,-5.56792129136803,-5.75249684106041,-5.56168866331318,-5.73213943611693,-4.95143886381319,-5.87696558901567,-5.64714520051763,-5.46543288806695,-5.72020371698273,-6.8667326801309,-5.96972007683383,-5.37903280183677,-5.32294378994252,-5.61376914051937,-5.35527507819757,-5.52768181600332,-5.68230592725047,-5.29938468005317,4.1717841822922,3.64857521375484,3.37707991546398,1.40802130715769,2.33279904673375,2.1711093198028,2.82449115720904,4.12543133307202,4.67517075485158,-6.51128940393899,-6.3475826818845,-5.86247815455885,-5.68366868902535,-5.36160441816893,-5.86763724908761,-5.59577975816976,-5.40258172002144,-5.53239957176314,-5.57150292925662,-5.63206317215185,2.91667515082647,2.28429953292116,2.7600832128201,2.15340949157659,3.19950754529839,2.77348960843785,3.24270053859438,2.63953549675606,3.28523675898562,1.91163659937063,2.53501705332938,1.05432722561972,1.70401801871644,2.79060388657417,4.08962852241342,2.68054351273941,2.78680502466811,2.28245317892257,2.89395479844614,2.72234856033207,2.4602450917338,2.09815900007064,2.5362577452284,2.97239327471302,2.97676333233757,4.37876630893935,3.20333895008391,3.01470032777005,2.83127040570663,3.91149543908046,4.01200163662811,3.54268185604289,2.57838685241324,2.07774234331841,2.6261126835522,2.51005706248095,3.60395289732419,4.03285396926803,2.75651366657687,1.49911098174851,4.18647493798871,4.92826452365181,3.95003120671361,4.40487943131236,5.39647556058717,4.45566990404022,3.8180836295559,4.30671048578548,4.07684498485431,3.76468778567024,4.3537035408624,4.06146964070562,4.22533934896053,3.89969740434548,3.96240059934297,4.54280551170626,2.87731379576476,3.33574514415779,3.36461129716188,3.37907515988831,3.03718269702435
