"ONTOLOGY","ID","Description","GeneRatio","BgRatio","pvalue","p.adjust","qvalue","geneID","Count"
"BP","GO:0050900","leukocyte migration","68/810","396/18870",5.29757396091566e-23,2.57144240062846e-19,2.0654962053928e-19,"LGALS3/LGMN/ADTRP/CD200R1/S100A8/JAML/DUSP1/CCL8/IL1A/IL10/S100A9/CTSG/GCNT1/CCN3/CH25H/C5AR2/GCSAM/CXCR2/CXCL12/FPR2/CXCL8/IL1R1/SCG2/HMOX1/FCER1G/TRPV4/TNFSF14/LYVE1/IL1B/STAP1/C5AR1/PTGER4/CCL24/CCL28/CRTAM/NLRP12/GREM1/IL6/CCL20/CALCA/S100A7/SAA1/S100A12/SELP/PF4V1/LEP/ICAM1/ITGA4/CXCL6/CCR2/CCL13/CXCR1/CYP7B1/SELE/BDKRB1/BMP5/TREM1/TAFA4/CCL7/XCL1/XCL2/TNFSF18/THBS1/PRTN3/CCL2/TBX21/CD177/TACR1",68
"BP","GO:0097529","myeloid leukocyte migration","47/810","242/18870",1.90387083092137e-18,4.62069450664617e-15,3.71154608301724e-15,"LGALS3/LGMN/CD200R1/S100A8/JAML/DUSP1/CCL8/IL1A/S100A9/CTSG/CCN3/C5AR2/CXCR2/CXCL12/FPR2/CXCL8/IL1R1/SCG2/FCER1G/TRPV4/IL1B/STAP1/C5AR1/PTGER4/CCL24/GREM1/IL6/CCL20/CALCA/S100A7/SAA1/S100A12/PF4V1/CXCL6/CCR2/CCL13/CXCR1/TREM1/TAFA4/CCL7/XCL1/XCL2/TNFSF18/THBS1/PRTN3/CCL2/CD177",47
"BP","GO:0030595","leukocyte chemotaxis","45/810","240/18870",4.23123449541278e-17,6.84613741357788e-14,5.49912020035402e-14,"LGALS3/LGMN/S100A8/JAML/DUSP1/CCL8/IL10/S100A9/CTSG/CCN3/CH25H/C5AR2/CXCR2/CXCL12/FPR2/CXCL8/SCG2/FCER1G/TRPV4/TNFSF14/IL1B/STAP1/C5AR1/CCL24/GREM1/IL6/CCL20/CALCA/S100A7/SAA1/S100A12/PF4V1/CXCL6/CCR2/CCL13/CXCR1/CYP7B1/TREM1/TAFA4/CCL7/XCL1/XCL2/TNFSF18/THBS1/CCL2",45
"BP","GO:0002237","response to molecule of bacterial origin","56/810","369/18870",1.31788897733855e-16,1.3995090524216e-13,1.12414753543895e-13,"NQO1/FOS/FGF10/CD40/S100A8/LY96/FCGR2B/IL1A/IL10/S100A9/CTSG/PTPN22/ASS1/CAMP/LILRB2/CXCL8/FASLG/KMO/CD14/PTGS2/ACP5/ZFP36/ADM/PCSK1/IL1B/STAP1/C5AR1/IL36B/PTGER4/CD80/MPO/IL6/S100A7/CEBPE/ANKRD1/DEFA3/SELP/PF4V1/IL36RN/MMP8/CXCL6/NOS1/SLPI/SNCA/CD36/SELE/PTGFR/TNIP3/TH/BDKRB1/DEFA4/LTF/CCL2/BPI/MMP3/CSF3",56
"BP","GO:0071674","mononuclear cell migration","41/810","207/18870",1.44160388588958e-16,1.3995090524216e-13,1.12414753543895e-13,"LGALS3/LGMN/ADTRP/CD200R1/JAML/DUSP1/CCL8/CTSG/CCN3/CH25H/GCSAM/CXCR2/CXCL12/FPR2/TRPV4/TNFSF14/C5AR1/CCL24/CRTAM/NLRP12/GREM1/IL6/CCL20/CALCA/S100A7/SAA1/S100A12/ICAM1/ITGA4/CCR2/CCL13/CXCR1/CYP7B1/BMP5/CCL7/XCL1/XCL2/TNFSF18/THBS1/CCL2/TBX21",41
"BP","GO:0032496","response to lipopolysaccharide","54/810","348/18870",1.75696623527322e-16,1.42138568433603e-13,1.14171981323719e-13,"NQO1/FOS/FGF10/CD40/S100A8/LY96/IL1A/IL10/S100A9/CTSG/PTPN22/ASS1/CAMP/LILRB2/CXCL8/FASLG/KMO/CD14/PTGS2/ACP5/ZFP36/ADM/PCSK1/IL1B/STAP1/IL36B/PTGER4/CD80/MPO/IL6/S100A7/CEBPE/ANKRD1/DEFA3/SELP/PF4V1/IL36RN/MMP8/CXCL6/NOS1/SLPI/SNCA/CD36/SELE/PTGFR/TNIP3/TH/BDKRB1/DEFA4/LTF/CCL2/BPI/MMP3/CSF3",54
"BP","GO:0007159","leukocyte cell-cell adhesion","59/810","419/18870",6.75068532479768e-16,4.68111808093828e-13,3.76008096887979e-13,"CD209/LGALS3/ADTRP/S100A8/FCGR2B/IL1A/IL10/S100A9/IGF1/CTSG/VSIG4/PTPN22/ASS1/GCNT1/CD28/MAP3K8/FGL1/GPNMB/CXCL12/HLA-DQB2/LILRB2/HLA-DQA2/LRG1/VNN1/HLA-DPA1/TNFSF9/TNFSF14/SKAP1/PLA2G2A/IL1B/IL36B/CCL28/CD80/CRTAM/SIRPB1/IL6/CR1/CD70/SELP/LEP/ICAM1/ITGA4/HLA-DMB/CCR2/ICOS/HLA-DMA/SELE/PRKCZ/IL1RL2/IFNG/EGR3/XCL1/TNFSF18/CLEC4G/TESPA1/CCL2/TBX21/CD177/SIRPG",59
"BP","GO:0060326","cell chemotaxis","51/810","325/18870",7.75570601449084e-16,4.70577462429231e-13,3.7798861944308e-13,"CXCL14/LGALS3/LGMN/S100A8/JAML/DUSP1/CCL8/IL10/S100A9/CTSG/CCN3/CH25H/C5AR2/HGF/CXCR2/CXCL12/FPR2/CXCL8/SCG2/FCER1G/TRPV4/TNFSF14/IL1B/STAP1/C5AR1/CCL24/CCL28/GREM1/IL6/CCL20/CALCA/S100A7/SAA1/S100A12/PF4V1/CXCL6/CCR2/CCL13/CXCR1/CYP7B1/EGR3/MET/TREM1/LOX/TAFA4/CCL7/XCL1/XCL2/TNFSF18/THBS1/CCL2",51
"BP","GO:0002685","regulation of leukocyte migration","42/810","230/18870",1.28109235719879e-15,6.90935811315881e-13,5.54990186089394e-13,"LGALS3/LGMN/ADTRP/CD200R1/DUSP1/IL1A/GCNT1/CCN3/C5AR2/GCSAM/CXCR2/CXCL12/FPR2/CXCL8/IL1R1/HMOX1/TRPV4/TNFSF14/LYVE1/STAP1/C5AR1/PTGER4/CCL24/CCL28/GREM1/IL6/CCL20/S100A7/SELP/ICAM1/ITGA4/CCR2/SELE/BDKRB1/BMP5/CCL7/XCL1/XCL2/TNFSF18/THBS1/CCL2/TACR1",42
"BP","GO:0006935","chemotaxis","62/810","468/18870",2.25543795229211e-15,1.09478958204259e-12,8.79383386872628e-13,"CXCL14/LGALS3/LGMN/FPR3/FGF10/S100A8/JAML/DUSP1/CCL8/IL10/S100A9/CTSG/CCN3/CH25H/C5AR2/RNASE2/SEMA3C/HGF/GPNMB/CXCR2/CXCL12/FPR2/CXCL8/SCG2/PLAU/FCER1G/TRPV4/TNFSF14/PLAUR/IL1B/STAP1/C5AR1/RNASE3/CCL24/EFNA5/CCL28/FGF7/GREM1/IL6/CCL20/CALCA/S100A7/SAA1/S100A12/PF4V1/CXCL6/CCR2/FPR1/CCL13/CXCR1/CYP7B1/EGR3/MET/TREM1/LOX/TAFA4/CCL7/XCL1/XCL2/TNFSF18/THBS1/CCL2",62
"BP","GO:0042330","taxis","62/810","470/18870",2.76064141372383e-15,1.17442933009975e-12,9.43353552943739e-13,"CXCL14/LGALS3/LGMN/FPR3/FGF10/S100A8/JAML/DUSP1/CCL8/IL10/S100A9/CTSG/CCN3/CH25H/C5AR2/RNASE2/SEMA3C/HGF/GPNMB/CXCR2/CXCL12/FPR2/CXCL8/SCG2/PLAU/FCER1G/TRPV4/TNFSF14/PLAUR/IL1B/STAP1/C5AR1/RNASE3/CCL24/EFNA5/CCL28/FGF7/GREM1/IL6/CCL20/CALCA/S100A7/SAA1/S100A12/PF4V1/CXCL6/CCR2/FPR1/CCL13/CXCR1/CYP7B1/EGR3/MET/TREM1/LOX/TAFA4/CCL7/XCL1/XCL2/TNFSF18/THBS1/CCL2",62
"BP","GO:0097530","granulocyte migration","34/810","156/18870",2.90340996316378e-15,1.17442933009975e-12,9.43353552943739e-13,"LGALS3/S100A8/JAML/CCL8/IL1A/S100A9/C5AR2/CXCR2/CXCL8/IL1R1/SCG2/FCER1G/TRPV4/IL1B/C5AR1/PTGER4/CCL24/CCL20/S100A7/SAA1/S100A12/PF4V1/CXCL6/CCL13/CXCR1/TREM1/CCL7/XCL1/XCL2/TNFSF18/THBS1/PRTN3/CCL2/CD177",34
"BP","GO:0022407","regulation of cell-cell adhesion","63/810","493/18870",7.42543305952475e-15,2.77254246699486e-12,2.22702866821698e-12,"CD209/LGALS3/ADTRP/FCGR2B/IL1A/IL10/IGF1/CTSG/IL1RN/VSIG4/PTPN22/ASS1/GCNT1/CD28/MAP3K8/FGL1/GPNMB/FGG/CXCL12/HLA-DQB2/FXYD5/LILRB2/HLA-DQA2/VNN1/HLA-DPA1/TRPV4/TNFSF9/TENM3/TNFSF14/SKAP1/PLAUR/PLA2G2A/IL1B/IL36B/EFNA5/CCL28/CD80/CRTAM/SIRPB1/IL6/CR1/CD70/SELP/LEP/CEACAM6/ITGA4/HLA-DMB/CCR2/ICOS/HLA-DMA/SELE/PRKCZ/IL1RL2/IFNG/EGR3/EPCAM/XCL1/TNFSF18/CLEC4G/TESPA1/CCL2/TBX21/SIRPG",63
"BP","GO:1903037","regulation of leukocyte cell-cell adhesion","54/810","382/18870",1.01516445003076e-14,3.51972017174952e-12,2.82719482925861e-12,"CD209/LGALS3/ADTRP/FCGR2B/IL1A/IL10/IGF1/CTSG/VSIG4/PTPN22/ASS1/GCNT1/CD28/MAP3K8/FGL1/GPNMB/CXCL12/HLA-DQB2/LILRB2/HLA-DQA2/VNN1/HLA-DPA1/TNFSF9/TNFSF14/SKAP1/PLA2G2A/IL1B/IL36B/CCL28/CD80/CRTAM/SIRPB1/IL6/CR1/CD70/SELP/LEP/ITGA4/HLA-DMB/CCR2/ICOS/HLA-DMA/SELE/PRKCZ/IL1RL2/IFNG/EGR3/XCL1/TNFSF18/CLEC4G/TESPA1/CCL2/TBX21/SIRPG",54
"BP","GO:0002548","monocyte chemotaxis","22/810","71/18870",1.06421797573052e-13,3.44380936946397e-11,2.76621991726727e-11,"LGALS3/LGMN/DUSP1/CCL8/CTSG/CCN3/CXCL12/FPR2/CCL24/GREM1/IL6/CCL20/CALCA/S100A7/S100A12/CCR2/CCL13/CCL7/XCL1/XCL2/TNFSF18/CCL2",22
"BP","GO:0071621","granulocyte chemotaxis","29/810","130/18870",1.71288266671041e-13,5.1964577901327e-11,4.17402460361536e-11,"LGALS3/S100A8/JAML/CCL8/S100A9/C5AR2/CXCR2/CXCL8/SCG2/FCER1G/TRPV4/IL1B/C5AR1/CCL24/CCL20/S100A7/SAA1/S100A12/PF4V1/CXCL6/CCL13/CXCR1/TREM1/CCL7/XCL1/XCL2/TNFSF18/THBS1/CCL2",29
"BP","GO:0006959","humoral immune response","41/810","258/18870",3.64375834055822e-13,1.04040017559233e-10,8.3569541135775e-11,"CXCL14/GNLY/FCGR2B/S100A9/CTSG/VSIG4/CAMP/KRT1/CD28/LYZ/CFD/FCN1/SVEP1/CXCL8/IL1B/RNASE3/IL6/S100A7/JCHAIN/CR1/S100A12/DEFA3/PF4V1/KRT6A/IL36RN/CXCL6/GATA6/CCR2/SLPI/CCL13/PI3/C6/C4BPB/IFNG/DEFA4/TREM1/LTF/PRTN3/CCL2/C4BPA/KLK5",41
"BP","GO:0050867","positive regulation of cell activation","52/810","396/18870",6.2593366431189e-13,1.6879344480944e-10,1.35582356293055e-10,"CD209/FGF10/CD40/FCGR3A/IL1A/IL10/IGF1/PTPN22/CD28/MAP3K8/CTSC/HLA-DQB2/LILRB2/HLA-DQA2/VNN1/HLA-DPA1/TNFSF9/VAMP8/TNFSF14/CAPN3/IL1B/STAP1/TOX/IL36B/CD80/SIRPB1/IL6/LILRA5/CR1/CD70/CLEC4D/PRLR/SELP/LEP/MMP8/HLA-DMB/CCR2/ICOS/HLA-DMA/PRKCZ/IL1RL2/IFNG/EGR3/XCL1/THBS1/TESPA1/CCL2/TBX21/HAMP/CD177/TACR1/SIRPG",52
"BP","GO:0002274","myeloid leukocyte activation","39/810","241/18870",7.65115986533603e-13,1.95466999928111e-10,1.5700773485432e-10,"DCSTAMP/FCGR2B/FCGR3A/IL10/CTSG/VSIG4/CAMP/CXCR2/IL13RA2/CTSC/SLC18A2/CXCL8/FCER1G/CST7/VAMP8/ITGB6/PLA2G2A/STAP1/C5AR1/BATF/IL6/CLEC4D/S100A12/MMP8/CXCL6/CD300LF/PTGDS/CCR2/SNCA/GRP/NDRG1/FCER1A/IFNG/LRFN5/THBS1/HAMP/CD177/DNASE1L3/BPI",39
"BP","GO:0050727","regulation of inflammatory response","54/810","425/18870",8.47663645950544e-13,2.05727966872197e-10,1.65249797084254e-10,"CD200R1/PPARG/S100A8/MAPK13/FCGR2B/LACC1/IL10/S100A9/IGF1/CCN3/KRT1/CD28/HGF/FCGR1A/CTSC/FPR2/ALOX5AP/FBXL2/IL1R1/NKG7/TRPV4/CST7/PTGS2/VAMP8/ACP5/ZFP36/OSM/PLA2G2A/IL1B/STAP1/PTGER4/CCL24/NLRP12/IL6/LILRA5/SAA1/S100A12/MMP8/MAS1/CCR2/SNCA/SOCS3/C2CD4A/SELE/PTGER3/IL1RL2/IFNG/FABP4/XCL1/TNFSF18/LRFN5/HAMP/DNASE1L3/MMP3",54
"BP","GO:1990266","neutrophil migration","28/810","129/18870",9.21264386321571e-13,2.12943682438329e-10,1.71045778793739e-10,"LGALS3/S100A8/JAML/CCL8/IL1A/S100A9/C5AR2/CXCR2/CXCL8/IL1R1/FCER1G/IL1B/C5AR1/CCL24/CCL20/SAA1/S100A12/PF4V1/CXCL6/CCL13/CXCR1/TREM1/CCL7/XCL1/XCL2/PRTN3/CCL2/CD177",28
"BP","GO:0001906","cell killing","37/810","223/18870",1.3713621234417e-12,3.02572352144818e-10,2.43039488288424e-10,"GNLY/FCGR2B/FCGR3A/CTSG/GZMB/CAMP/LYZ/HPRT1/FCGR1A/GZMA/CTSC/CLEC12B/NKG7/PLA2G2A/STAP1/CRTAM/CR1/S100A12/DEFA3/SLAMF7/KRT6A/LEP/ICAM1/CXCL6/CCL13/C6/IFNG/DEFA4/TREM1/XCL1/SLAMF6/LTF/KLRC1/HAMP/CD1C/DNASE1L3/GZMH",37
"BP","GO:0002696","positive regulation of leukocyte activation","49/810","380/18870",5.79899778937303e-12,1.22384066389638e-09,9.83042920450239e-10,"CD209/FGF10/CD40/FCGR3A/IL1A/IL10/IGF1/PTPN22/CD28/MAP3K8/CTSC/HLA-DQB2/LILRB2/HLA-DQA2/VNN1/HLA-DPA1/TNFSF9/VAMP8/TNFSF14/IL1B/STAP1/TOX/IL36B/CD80/SIRPB1/IL6/CR1/CD70/CLEC4D/PRLR/LEP/MMP8/HLA-DMB/CCR2/ICOS/HLA-DMA/PRKCZ/IL1RL2/IFNG/EGR3/XCL1/THBS1/TESPA1/CCL2/TBX21/HAMP/CD177/TACR1/SIRPG",49
"BP","GO:0050863","regulation of T cell activation","49/810","381/18870",6.38859539964765e-12,1.29209341957874e-09,1.03786655089013e-09,"CD209/LGALS3/FCGR2B/IL1A/IL10/IGF1/CTSG/VSIG4/PTPN22/CD28/JUNB/MAP3K8/FGL1/GPNMB/HLA-DQB2/LILRB2/HLA-DQA2/VNN1/HLA-DPA1/TNFSF9/TNFSF14/PLA2G2A/IL1B/TOX/IL36B/CD80/CRTAM/BATF/SIRPB1/IL6/CR1/CD70/LEP/HLA-DMB/CCR2/ICOS/HLA-DMA/PRKCZ/IL1RL2/IFNG/EGR3/XCL1/TNFSF18/CLEC4G/CLC/TESPA1/CCL2/TBX21/SIRPG",49
"BP","GO:0070555","response to interleukin-1","28/810","140/18870",7.59245685209445e-12,1.47415142240266e-09,1.18410358653296e-09,"CD40/MAPK13/CCL8/IL1RN/CAMP/FGG/SFRP1/CXCL8/IL1R1/KMO/PCSK1/IL1B/TRIM63/CCL24/IL1R2/IL6/CCL20/ANKRD1/SNCA/CCL13/SELE/IL1RL2/CCL7/XCL1/XCL2/CCL2/EGR1/ST18",28
"BP","GO:0050729","positive regulation of inflammatory response","29/810","152/18870",1.09657768725101e-11,2.04722618996784e-09,1.64442257229868e-09,"S100A8/MAPK13/S100A9/CD28/FCGR1A/CTSC/ALOX5AP/NKG7/TRPV4/PTGS2/VAMP8/OSM/PLA2G2A/IL1B/STAP1/PTGER4/CCL24/NLRP12/IL6/LILRA5/S100A12/MMP8/CCR2/SNCA/C2CD4A/PTGER3/IFNG/FABP4/TNFSF18",29
"BP","GO:0030593","neutrophil chemotaxis","24/810","107/18870",1.86356840352333e-11,3.35028186322304e-09,2.69109448992218e-09,"LGALS3/S100A8/JAML/CCL8/S100A9/C5AR2/CXCR2/CXCL8/FCER1G/IL1B/C5AR1/CCL24/CCL20/SAA1/S100A12/PF4V1/CXCL6/CCL13/CXCR1/TREM1/CCL7/XCL1/XCL2/CCL2",24
"BP","GO:0002687","positive regulation of leukocyte migration","28/810","149/18870",3.62785918928607e-11,6.10548797240431e-09,4.90419782919905e-09,"LGALS3/LGMN/IL1A/CXCR2/CXCL12/FPR2/CXCL8/IL1R1/TRPV4/TNFSF14/LYVE1/C5AR1/CCL24/IL6/CCL20/S100A7/SELP/ICAM1/ITGA4/CCR2/SELE/BDKRB1/CCL7/XCL1/XCL2/TNFSF18/THBS1/TACR1",28
"BP","GO:0022409","positive regulation of cell-cell adhesion","43/810","322/18870",3.75868608833713e-11,6.10548797240431e-09,4.90419782919905e-09,"CD209/IL1A/IL10/IGF1/CTSG/PTPN22/GCNT1/CD28/MAP3K8/FGG/HLA-DQB2/LILRB2/HLA-DQA2/VNN1/HLA-DPA1/TNFSF9/TNFSF14/SKAP1/PLAUR/IL1B/IL36B/CD80/SIRPB1/IL6/CR1/CD70/SELP/LEP/CEACAM6/ITGA4/HLA-DMB/CCR2/ICOS/HLA-DMA/SELE/PRKCZ/IL1RL2/IFNG/EGR3/XCL1/TESPA1/CCL2/SIRPG",43
"BP","GO:0045785","positive regulation of cell adhesion","55/810","482/18870",3.77347835130056e-11,6.10548797240431e-09,4.90419782919905e-09,"CD209/IL1A/IL10/IGF1/CTSG/PTPN22/GCNT1/CD28/MAP3K8/FGG/IBSP/CXCL12/HLA-DQB2/DAB2/SFRP1/LILRB2/HLA-DQA2/VNN1/HLA-DPA1/TNFSF9/TNFSF14/SKAP1/PLAUR/IL1B/IL36B/CCL28/CD80/SIRPB1/IL6/CR1/CD70/SAA1/SELP/EDIL3/LEP/CEACAM6/ITGA4/HLA-DMB/CCR2/ICOS/CD36/HLA-DMA/SELE/PRKCZ/IL1RL2/IFNG/EGR3/XCL1/TNFSF18/TESPA1/CCL2/SFRP2/EGFL6/SIRPG/COL8A1",55
"BP","GO:0071347","cellular response to interleukin-1","24/810","111/18870",4.25961253951941e-11,6.66972879575072e-09,5.35742100046856e-09,"CD40/MAPK13/CCL8/IL1RN/CAMP/FGG/SFRP1/CXCL8/IL1R1/KMO/IL1B/CCL24/IL1R2/IL6/CCL20/ANKRD1/CCL13/IL1RL2/CCL7/XCL1/XCL2/CCL2/EGR1/ST18",24
"BP","GO:1903039","positive regulation of leukocyte cell-cell adhesion","38/810","275/18870",1.91860835037756e-10,2.91028904147897e-08,2.33767280585477e-08,"CD209/IL1A/IGF1/PTPN22/GCNT1/CD28/MAP3K8/HLA-DQB2/LILRB2/HLA-DQA2/VNN1/HLA-DPA1/TNFSF9/TNFSF14/SKAP1/IL1B/IL36B/CD80/SIRPB1/IL6/CR1/CD70/SELP/LEP/ITGA4/HLA-DMB/CCR2/ICOS/HLA-DMA/SELE/PRKCZ/IL1RL2/IFNG/EGR3/XCL1/TESPA1/CCL2/SIRPG",38
"BP","GO:0002697","regulation of immune effector process","46/810","389/18870",4.88312792964082e-10,7.18263726378077e-08,5.76941175482922e-08,"LGALS3/CD40/FCGR2B/LACC1/IL10/VSIG4/PTPN22/CD28/JUNB/FCGR1A/FCN1/SVEP1/IL13RA2/IL1R1/CLEC12B/VAMP8/ACP5/IL1B/STAP1/CD80/CRTAM/BATF/IL6/CR1/LEP/ICAM1/HLA-DMB/CXCL6/CCR2/RBP4/CD36/C4BPB/PRKCZ/IFNG/XCL1/TNFSF18/CLEC4G/CLC/SLAMF6/KLRC1/C4BPA/TBX21/CD1C/CD177/DNASE1L3/KLK5",46
"BP","GO:0071675","regulation of mononuclear cell migration","24/810","125/18870",5.7491274995191e-10,8.20772496548992e-08,6.59280751028444e-08,"LGALS3/LGMN/ADTRP/CD200R1/DUSP1/CCN3/GCSAM/CXCL12/FPR2/TRPV4/TNFSF14/C5AR1/GREM1/CCL20/S100A7/ITGA4/CCR2/BMP5/CCL7/XCL1/XCL2/TNFSF18/THBS1/CCL2",24
"BP","GO:0071222","cellular response to lipopolysaccharide","33/810","226/18870",7.19179986656518e-10,9.97399901494497e-08,8.0115569039872e-08,"CD40/LY96/IL1A/IL10/CTSG/PTPN22/ASS1/CAMP/LILRB2/CXCL8/KMO/CD14/ZFP36/IL1B/STAP1/IL36B/CD80/IL6/CEBPE/ANKRD1/DEFA3/PF4V1/IL36RN/MMP8/CXCL6/CD36/TNIP3/DEFA4/LTF/CCL2/BPI/MMP3/CSF3",33
"BP","GO:0071219","cellular response to molecule of bacterial origin","34/810","239/18870",8.02328102086163e-10,1.08180572431284e-07,8.68954178399751e-08,"CD40/LY96/FCGR2B/IL1A/IL10/CTSG/PTPN22/ASS1/CAMP/LILRB2/CXCL8/KMO/CD14/ZFP36/IL1B/STAP1/IL36B/CD80/IL6/CEBPE/ANKRD1/DEFA3/PF4V1/IL36RN/MMP8/CXCL6/CD36/TNIP3/DEFA4/LTF/CCL2/BPI/MMP3/CSF3",34
"BP","GO:0002443","leukocyte mediated immunity","51/810","466/18870",8.68208554981819e-10,1.13899576375182e-07,9.14891746131624e-08,"CD40/FCGR2B/FCGR3A/IL10/CTSG/GZMB/CD28/HPRT1/FCGR1A/SVEP1/IL13RA2/CTSC/SLC18A2/IL1R1/CLEC12B/FCER1G/NKG7/VAMP8/IL1B/STAP1/IL21R/CD80/CRTAM/BATF/IL6/CR1/CD70/SLAMF7/LEP/IGLL5/ICAM1/CXCL6/PTGDS/CCR2/GRP/C6/FCER1A/C4BPB/PRKCZ/TREM1/XCL1/CLEC4G/TLR8/CLC/SLAMF6/KLRC1/C4BPA/TBX21/CD1C/CD177/DNASE1L3",51
"BP","GO:0051251","positive regulation of lymphocyte activation","41/810","330/18870",9.95045128355771e-10,1.27103922448392e-07,1.02095489070077e-07,"CD209/FGF10/CD40/FCGR3A/IL1A/IL10/IGF1/PTPN22/CD28/MAP3K8/HLA-DQB2/LILRB2/HLA-DQA2/VNN1/HLA-DPA1/TNFSF9/TNFSF14/IL1B/TOX/IL36B/CD80/SIRPB1/IL6/CR1/CD70/PRLR/LEP/HLA-DMB/CCR2/ICOS/HLA-DMA/PRKCZ/IL1RL2/IFNG/EGR3/XCL1/TESPA1/CCL2/TBX21/TACR1/SIRPG",41
"BP","GO:0031640","killing of cells of another organism","20/810","92/18870",1.60821493922566e-09,1.95156882875034e-07,1.56758635128733e-07,"GNLY/CTSG/GZMB/CAMP/LYZ/GZMA/NKG7/PLA2G2A/S100A12/DEFA3/KRT6A/CXCL6/CCL13/C6/IFNG/DEFA4/TREM1/LTF/HAMP/GZMH",20
"BP","GO:0141061","disruption of cell in another organism","20/810","92/18870",1.60821493922566e-09,1.95156882875034e-07,1.56758635128733e-07,"GNLY/CTSG/GZMB/CAMP/LYZ/GZMA/NKG7/PLA2G2A/S100A12/DEFA3/KRT6A/CXCL6/CCL13/C6/IFNG/DEFA4/TREM1/LTF/HAMP/GZMH",20
"BP","GO:0015671","oxygen transport","9/810","15/18870",1.87855141986436e-09,2.22402160781015e-07,1.78643246705458e-07,"HBG1/HBG2/HBD/HBB/HBA1/HBA2/HBM/CYGB/HBZ",9
"BP","GO:0019730","antimicrobial humoral response","24/810","133/18870",2.14034442576684e-09,2.47362662920768e-07,1.98692625389483e-07,"CXCL14/GNLY/S100A9/CTSG/CAMP/LYZ/CXCL8/RNASE3/S100A7/JCHAIN/S100A12/DEFA3/PF4V1/KRT6A/IL36RN/CXCL6/GATA6/SLPI/CCL13/PI3/DEFA4/LTF/PRTN3/KLK5",24
"BP","GO:0050670","regulation of lymphocyte proliferation","33/810","238/18870",2.76490319960107e-09,3.12112561182874e-07,2.50702605907524e-07,"CD209/LGALS3/FGF10/CD40/FCGR2B/FCGR3A/IL1A/IL10/IGF1/VSIG4/PTPN22/CD28/GPNMB/LILRB2/HLA-DPA1/TNFSF9/PLA2G2A/IL1B/CD80/CRTAM/IL6/CR1/CD70/PRLR/LEP/HLA-DMB/CCR2/XCL1/TNFSF18/CLEC4G/CLC/GAL/TACR1",33
"BP","GO:0023061","signal release","51/810","484/18870",3.20727495210796e-09,3.53820741307547e-07,2.84204459871002e-07,"ACSL4/PPARG/IL1A/IL1RN/CCN3/SPP1/TRH/HCAR2/FGG/CXCL12/DAB2/SFRP1/SLC18A2/SELENOM/KMO/TRPV4/PTGS2/VAMP8/OSM/IL1B/TACR2/PRKCB/EFNA5/ERC2/PAX8/IL6/MCTP2/PTPRN/SYT4/OR51E2/LEP/SLC18A3/GPR27/SNCA/CRHBP/VIP/GRP/RBP4/TUNAR/CHRNA6/INHBA/UNC13C/IFNG/SPINK1/RIMS2/HNF4A/GAL/CPLX3/TACR1/NAPB/SNAP25",51
"BP","GO:0032944","regulation of mononuclear cell proliferation","33/810","242/18870",4.23681011810275e-09,4.5701058473935e-07,3.67091103566143e-07,"CD209/LGALS3/FGF10/CD40/FCGR2B/FCGR3A/IL1A/IL10/IGF1/VSIG4/PTPN22/CD28/GPNMB/LILRB2/HLA-DPA1/TNFSF9/PLA2G2A/IL1B/CD80/CRTAM/IL6/CR1/CD70/PRLR/LEP/HLA-DMB/CCR2/XCL1/TNFSF18/CLEC4G/CLC/GAL/TACR1",33
"BP","GO:0002526","acute inflammatory response","21/810","107/18870",4.51107197980844e-09,4.7601616065196e-07,3.82357222270262e-07,"CD163/FCGR2B/FCGR3A/IL1A/ASS1/FCGR1A/CXCR2/ALOX5AP/VNN1/PTGS2/OSM/IL1B/IL6/SAA1/SERPINA3/SAA2/C2CD4A/FCER1A/PTGER3/ORM1/DNASE1L3",21
"BP","GO:0046879","hormone secretion","38/810","308/18870",4.97931276855362e-09,5.1424647188424e-07,4.13065498202075e-07,"ACSL4/PPARG/IL1RN/CCN3/SPP1/TRH/HCAR2/FGG/DAB2/SFRP1/SLC18A2/SELENOM/TRPV4/VAMP8/OSM/IL1B/TACR2/PRKCB/EFNA5/PAX8/IL6/PTPRN/LEP/GPR27/CRHBP/VIP/GRP/RBP4/TUNAR/INHBA/IFNG/SPINK1/RIMS2/HNF4A/GAL/CPLX3/TACR1/SNAP25",38
"BP","GO:0141060","disruption of anatomical structure in another organism","20/810","99/18870",6.21821657925497e-09,6.28817151577158e-07,5.05093732665798e-07,"GNLY/CTSG/GZMB/CAMP/LYZ/GZMA/NKG7/PLA2G2A/S100A12/DEFA3/KRT6A/CXCL6/CCL13/C6/IFNG/DEFA4/TREM1/LTF/HAMP/GZMH",20
"BP","GO:0031349","positive regulation of defense response","50/810","480/18870",6.73024559836726e-09,6.6670637009132e-07,5.355280278486e-07,"CD40/S100A8/MAPK13/LY96/LACC1/S100A9/PTPN22/CD28/FCGR1A/FCN1/CTSC/FPR2/ALOX5AP/FBXL2/CD14/NKG7/TRPV4/PTGS2/VAMP8/OSM/PLA2G2A/IL1B/STAP1/PTGER4/CCL24/CRTAM/NLRP12/IL6/LILRA5/EREG/S100A12/MMP8/CD300LF/CCR2/SNCA/GRP/PYHIN1/C2CD4A/CD36/TNIP3/PTGER3/IFNG/FABP4/TREML4/TNFSF18/TLR8/SLAMF6/LTF/KLRC1/KLK5",50
"BP","GO:0001819","positive regulation of cytokine production","51/810","499/18870",8.96920511520435e-09,8.70730432584038e-07,6.99409173615093e-07,"CD40/MAPK13/LY96/LACC1/FCGR3A/IL1A/IL10/PTPN22/CD28/HGF/FCN1/LILRB2/IL1R1/HMOX1/CD14/HLA-DPA1/FCER1G/TRPV4/PTGS2/CLEC5A/OSM/IL1B/C5AR1/PTGER4/CD80/CRTAM/NLRP12/BATF/IL6/LILRA5/SAA1/EREG/NOX5/LEP/MMP8/GATA6/CCR2/ALOX15B/CD36/PRKCZ/IL1RL2/IFNG/CYP1B1/XCL1/TLR8/SLAMF6/THBS1/HTR2B/TBX21/ORM1/EGR1",51
"BP","GO:0050870","positive regulation of T cell activation","33/810","251/18870",1.06620812827116e-08,1.01477926561337e-06,8.15115563904307e-07,"CD209/IL1A/IGF1/PTPN22/CD28/MAP3K8/HLA-DQB2/LILRB2/HLA-DQA2/VNN1/HLA-DPA1/TNFSF9/TNFSF14/IL1B/IL36B/CD80/SIRPB1/IL6/CR1/CD70/LEP/HLA-DMB/CCR2/ICOS/HLA-DMA/PRKCZ/IL1RL2/IFNG/EGR3/XCL1/TESPA1/CCL2/SIRPG",33
"BP","GO:0071216","cellular response to biotic stimulus","34/810","265/18870",1.19472518661192e-08,1.11523001073351e-06,8.95802042755172e-07,"CD40/LY96/FCGR2B/IL1A/IL10/CTSG/PTPN22/ASS1/CAMP/LILRB2/CXCL8/KMO/CD14/ZFP36/IL1B/STAP1/IL36B/CD80/IL6/CEBPE/ANKRD1/DEFA3/PF4V1/IL36RN/MMP8/CXCL6/CD36/TNIP3/DEFA4/LTF/CCL2/BPI/MMP3/CSF3",34
"BP","GO:0009914","hormone transport","38/810","319/18870",1.31220446214575e-08,1.20178121872744e-06,9.65323798964816e-07,"ACSL4/PPARG/IL1RN/CCN3/SPP1/TRH/HCAR2/FGG/DAB2/SFRP1/SLC18A2/SELENOM/TRPV4/VAMP8/OSM/IL1B/TACR2/PRKCB/EFNA5/PAX8/IL6/PTPRN/LEP/GPR27/CRHBP/VIP/GRP/RBP4/TUNAR/INHBA/IFNG/SPINK1/RIMS2/HNF4A/GAL/CPLX3/TACR1/SNAP25",38
"BP","GO:0072676","lymphocyte migration","22/810","124/18870",1.38003106042723e-08,1.24049458653959e-06,9.96420087294826e-07,"ADTRP/CD200R1/CCL8/CH25H/GCSAM/CXCL12/TNFSF14/CCL24/CRTAM/CCL20/S100A7/SAA1/ICAM1/ITGA4/CCR2/CCL13/CYP7B1/CCL7/XCL1/XCL2/CCL2/TBX21",22
"BP","GO:0070663","regulation of leukocyte proliferation","34/810","267/18870",1.44643057514589e-08,1.27654072941057e-06,1.02537394264887e-06,"CD209/LGALS3/FGF10/CD40/FCGR2B/FCGR3A/IL1A/IL10/IGF1/VSIG4/PTPN22/CD28/GPNMB/LILRB2/HLA-DPA1/TNFSF9/PLA2G2A/IL1B/CD80/CRTAM/GREM1/IL6/CR1/CD70/PRLR/LEP/HLA-DMB/CCR2/XCL1/TNFSF18/CLEC4G/CLC/GAL/TACR1",34
"BP","GO:0002688","regulation of leukocyte chemotaxis","22/810","126/18870",1.87074231038456e-08,1.62153270975119e-06,1.30248675144068e-06,"LGMN/DUSP1/CCN3/C5AR2/CXCR2/CXCL12/FPR2/CXCL8/TRPV4/TNFSF14/STAP1/C5AR1/GREM1/IL6/S100A7/CCR2/CCL7/XCL1/XCL2/TNFSF18/THBS1/CCL2",22
"BP","GO:0002449","lymphocyte mediated immunity","41/810","368/18870",2.42188081541756e-08,2.06242271544506e-06,1.6566290933161e-06,"CD40/FCGR2B/FCGR3A/IL10/GZMB/CD28/HPRT1/FCGR1A/SVEP1/IL13RA2/CTSC/IL1R1/CLEC12B/FCER1G/NKG7/IL1B/IL21R/CD80/CRTAM/BATF/IL6/CR1/CD70/SLAMF7/LEP/IGLL5/ICAM1/CCR2/C6/FCER1A/C4BPB/PRKCZ/XCL1/CLEC4G/TLR8/CLC/SLAMF6/KLRC1/C4BPA/TBX21/CD1C",41
"BP","GO:0002703","regulation of leukocyte mediated immunity","32/810","249/18870",3.08363370499774e-08,2.58068241449294e-06,2.07291819297852e-06,"CD40/FCGR2B/IL10/CD28/FCGR1A/SVEP1/IL13RA2/IL1R1/CLEC12B/VAMP8/IL1B/STAP1/CD80/CRTAM/IL6/CR1/LEP/ICAM1/CXCL6/CCR2/C4BPB/PRKCZ/XCL1/CLEC4G/CLC/SLAMF6/KLRC1/C4BPA/TBX21/CD1C/CD177/DNASE1L3",32
"BP","GO:0042744","hydrogen peroxide catabolic process","11/810","31/18870",3.2808893022297e-08,2.69922655474966e-06,2.16813808661174e-06,"HBG1/HBG2/HBD/HBB/HBA1/HBA2/HBM/MPO/SNCA/HBZ/GPX3",11
"BP","GO:0098742","cell-cell adhesion via plasma-membrane adhesion molecules","34/810","279/18870",4.35659942345997e-08,3.52448893357911e-06,2.83102530956065e-06,"CD209/DSC2/JAML/IL10/IL1RN/PCDHA4/FXYD5/IL1RAPL1/PCDH11X/AMIGO2/CDH19/LGALS7B/TENM3/EFNA5/CRTAM/MYPN/DSC1/CDH7/SELP/CEACAM6/MYOT/ICAM1/CLDN14/SELE/CDH9/DSG1/NECTIN4/LRFN5/CLDN16/CD177/CNTN6/CDH18/CLDN11/SLITRK1",34
"BP","GO:0046651","lymphocyte proliferation","36/810","307/18870",4.7479336513714e-08,3.77810982684537e-06,3.03474482220529e-06,"CD209/LGALS3/FGF10/CD40/FCGR2B/FCGR3A/IL1A/IL10/IGF1/VSIG4/PTPN22/FLT3/CD28/GPNMB/HPRT1/LILRB2/HLA-DPA1/TNFSF9/TNFSF14/PLA2G2A/IL1B/CD80/CRTAM/IL6/CR1/CD70/PRLR/LEP/HLA-DMB/CCR2/XCL1/TNFSF18/CLEC4G/CLC/GAL/TACR1",36
"BP","GO:0070661","leukocyte proliferation","39/810","350/18870",5.3032248053878e-08,4.1519118073149e-06,3.33499909663097e-06,"CD209/LGALS3/FGF10/CD40/FCGR2B/FCGR3A/IL1A/IL10/IGF1/VSIG4/PTPN22/FLT3/CD28/JUNB/GPNMB/HPRT1/LILRB2/HLA-DPA1/TNFSF9/TNFSF14/PLA2G2A/IL1B/CD80/CRTAM/GREM1/IL6/CR1/CD70/PRLR/LEP/HLA-DMB/CCR2/XCL1/TNFSF18/CLEC4G/CLC/NPR3/GAL/TACR1",39
"BP","GO:0002686","negative regulation of leukocyte migration","14/810","55/18870",5.44779824365961e-08,4.19739883725774e-06,3.37153628981039e-06,"ADTRP/CD200R1/DUSP1/CCN3/C5AR2/GCSAM/CXCL12/HMOX1/STAP1/PTGER4/CCL28/GREM1/BMP5/CCL2",14
"BP","GO:0042129","regulation of T cell proliferation","26/810","182/18870",7.19582362824919e-08,5.45758248305024e-06,4.38377149984128e-06,"CD209/LGALS3/IL1A/IL10/IGF1/VSIG4/PTPN22/CD28/GPNMB/LILRB2/HLA-DPA1/TNFSF9/PLA2G2A/IL1B/CD80/CRTAM/IL6/CR1/CD70/LEP/HLA-DMB/CCR2/XCL1/TNFSF18/CLEC4G/CLC",26
"BP","GO:0045123","cellular extravasation","16/810","74/18870",7.47476763573989e-08,5.58192647752022e-06,4.48365009275798e-06,"JAML/GCNT1/CXCL12/IL1R1/LYVE1/PTGER4/CCL28/SELP/LEP/ICAM1/ITGA4/CCR2/SELE/PRTN3/CCL2/CD177",16
"BP","GO:0032943","mononuclear cell proliferation","36/810","314/18870",8.43676213124424e-08,6.20485505834235e-06,4.98401386509229e-06,"CD209/LGALS3/FGF10/CD40/FCGR2B/FCGR3A/IL1A/IL10/IGF1/VSIG4/PTPN22/FLT3/CD28/GPNMB/HPRT1/LILRB2/HLA-DPA1/TNFSF9/TNFSF14/PLA2G2A/IL1B/CD80/CRTAM/IL6/CR1/CD70/PRLR/LEP/HLA-DMB/CCR2/XCL1/TNFSF18/CLEC4G/CLC/GAL/TACR1",36
"BP","GO:1903532","positive regulation of secretion by cell","34/810","288/18870",9.50165911374856e-08,6.88373930419933e-06,5.52932370107222e-06,"ACSL4/PPARG/IL1A/IGF1/SPP1/TRH/HCAR2/FGG/CXCL12/DAB2/KMO/VAMP8/PCSK1/IL1B/TACR2/PRKCB/ANKRD1/SYT4/OR51E2/LEP/SLC18A3/GPR27/SNCA/VIP/GRP/RBP4/TUNAR/INHBA/IFNG/SPINK1/GAL/CD177/TACR1/SNAP25",34
"BP","GO:0042742","defense response to bacterium","37/810","330/18870",9.9371950568494e-08,7.09340364793338e-06,5.6977353700573e-06,"S100A8/GNLY/LCN2/IL10/S100A9/CTSG/CAMP/LYZ/FCGR1A/FPR2/FCER1G/ACP5/PLA2G2A/IL1B/C5AR1/RNASE1/RNASE3/MPO/IL6/CCL20/JCHAIN/CLEC4D/S100A12/DEFA3/SELP/KRT6A/CXCL6/SLPI/PI3/CD36/DEFA4/TREM1/LTF/MIAT/HAMP/BPI/KLK5",37
"BP","GO:0007204","positive regulation of cytosolic calcium ion concentration","25/810","173/18870",1.01899115826435e-07,7.16838127857267e-06,5.75796071733203e-06,"FPR3/C5AR2/CXCR2/FPR2/CD52/TRPV4/ADM/C5AR1/CACNA2D1/PTGER4/CCL28/CALCA/KNG1/SAA1/NOS1/CCR2/FPR1/CXCR1/CD36/PTGFR/PTGER3/BDKRB1/SPINK1/TACR1/MCHR1",25
"BP","GO:0097237","cellular response to toxic substance","21/810","128/18870",1.1951353562467e-07,8.28741002745926e-06,6.6568140744929e-06,"HBG1/HBG2/NQO1/HBD/HBB/S100A9/ALB/HBA1/HBA2/ALOX5AP/ADH4/PTGS2/AKR1B10/HBM/MPO/CYGB/GSTA1/CD36/KCNC2/HBZ/GPX3",21
"BP","GO:1903131","mononuclear cell differentiation","47/810","481/18870",1.34768791246112e-07,9.21362975645956e-06,7.4007947038636e-06,"DCSTAMP/FOS/PPARG/FCGR2B/IL1A/IL10/PTPN22/FLT3/CD28/JUNB/MAFB/SFRP1/LILRB2/VNN1/THEMIS/FCER1G/TNFSF9/ITGB6/IL1B/TOX/IL36B/PTGER4/CD80/CRTAM/BATF/IL6/CR1/CLEC4D/LY6D/LEP/ITGA4/CCR2/SOCS3/INHBA/PRKCZ/IL1RL2/IFNG/EGR3/TNFSF18/CLEC4G/SLAMF6/PRTN3/TESPA1/KLRC1/TBX21/CD3D/EGR1",47
"BP","GO:0015669","gas transport","9/810","22/18870",1.42253424429653e-07,9.59025169696577e-06,7.70331409484554e-06,"HBG1/HBG2/HBD/HBB/HBA1/HBA2/HBM/CYGB/HBZ",9
"BP","GO:0030217","T cell differentiation","35/810","307/18870",1.46387245833446e-07,9.73374919555545e-06,7.81857762894138e-06,"IL1A/PTPN22/CD28/JUNB/MAFB/LILRB2/VNN1/THEMIS/FCER1G/TNFSF9/IL1B/TOX/IL36B/PTGER4/CD80/CRTAM/BATF/IL6/CR1/CLEC4D/LEP/CCR2/SOCS3/PRKCZ/IL1RL2/IFNG/EGR3/TNFSF18/CLEC4G/SLAMF6/TESPA1/KLRC1/TBX21/CD3D/EGR1",35
"BP","GO:1990748","cellular detoxification","20/810","119/18870",1.58372734379708e-07,1.03883953064744e-05,8.34441832350554e-06,"HBG1/HBG2/NQO1/HBD/HBB/S100A9/ALB/HBA1/HBA2/ALOX5AP/ADH4/PTGS2/AKR1B10/HBM/MPO/CYGB/GSTA1/CD36/HBZ/GPX3",20
"BP","GO:0051047","positive regulation of secretion","35/810","310/18870",1.85719711495126e-07,1.20197797279645e-05,9.65481840530449e-06,"ACSL4/PPARG/S100A8/IL1A/IGF1/SPP1/TRH/HCAR2/FGG/CXCL12/DAB2/KMO/VAMP8/PCSK1/IL1B/TACR2/PRKCB/ANKRD1/SYT4/OR51E2/LEP/SLC18A3/GPR27/SNCA/VIP/GRP/RBP4/TUNAR/INHBA/IFNG/SPINK1/GAL/CD177/TACR1/SNAP25",35
"BP","GO:0098869","cellular oxidant detoxification","18/810","99/18870",1.93208601671052e-07,1.23399283225169e-05,9.91197590844288e-06,"HBG1/HBG2/NQO1/HBD/HBB/S100A9/ALB/HBA1/HBA2/ALOX5AP/PTGS2/HBM/MPO/CYGB/GSTA1/CD36/HBZ/GPX3",18
"BP","GO:0043410","positive regulation of MAPK cascade","46/810","474/18870",2.23727649991177e-07,1.41035586111321e-05,1.13286017165731e-05,"FGF10/CD40/FCGR2B/CCL8/IL1A/IGF1/PTPN22/FLT3/HGF/GPNMB/FGG/CAV2/FPR2/DOK2/TPD52L1/TRPV4/OSM/PLA2G2A/IL1B/C5AR1/CCL24/IL6/CCL20/S100A7/LILRA5/S100A12/GPBAR1/EPHA8/LEP/DKK1/ICAM1/CCL13/CD36/INHBA/PRKCZ/BIRC7/DOK6/CCL7/XCL1/XCL2/RIT2/THBS1/CCL2/HTR2B/IGFBP6/GDF6",46
"BP","GO:0009636","response to toxic substance","31/810","258/18870",2.35051009920124e-07,1.46274051557985e-05,1.17493784175997e-05,"HBG1/HBG2/NQO1/HBD/HBB/FOS/S100A9/ASS1/ALB/HBA1/HBA2/SLC18A2/DDC/ALOX5AP/ADH4/PTGS2/AKR1B10/HBM/MPO/CES1/CYGB/SLC17A3/GATA6/GSTA1/CD36/TH/KCNC2/GRIA1/HBZ/CYP1B1/GPX3",31
"BP","GO:0034612","response to tumor necrosis factor","31/810","259/18870",2.56326889746214e-07,1.57495028206091e-05,1.26506968636906e-05,"FAS/DCSTAMP/FOS/CD40/CCL8/ASS1/CAMP/SFRP1/CXCL8/CD14/PTGS2/ZFP36/CCL24/CCL20/CALCA/CD70/ANKRD1/MMP8/CRHBP/CCL13/SELE/BIRC7/FABP4/CYP1B1/CCL7/XCL1/XCL2/TNFSF18/THBS1/CCL2/ST18",31
"BP","GO:0050673","epithelial cell proliferation","46/810","480/18870",3.21387783220217e-07,1.95002037468867e-05,1.56634256453643e-05,"PPARG/FGF10/JAML/IL10/IGF1/CCN3/HGF/FGL1/CXCL12/CAV2/WNT2/DAB2/SFRP1/LRG1/CLEC12B/SCG2/HMOX1/ZFP36/C5AR1/CCL24/FGF7/IL6/EREG/PTPRN/GPBAR1/OR51E2/NOX5/LEP/SDR16C5/ITGA4/TACSTD2/AREG/VIP/CYP7B1/EGR3/SFN/SPINK1/BMP5/THBS1/CCL2/NKX2-8/SFRP2/HTR2B/TACR1/PPP1R16B/COL8A1",46
"BP","GO:0061844","antimicrobial humoral immune response mediated by antimicrobial peptide","16/810","83/18870",4.00353544977918e-07,2.39915568805285e-05,1.92710790201196e-05,"CXCL14/GNLY/S100A9/CAMP/CXCL8/RNASE3/S100A7/S100A12/DEFA3/PF4V1/KRT6A/CXCL6/CCL13/DEFA4/LTF/KLK5",16
"BP","GO:0046883","regulation of hormone secretion","30/810","251/18870",4.11469175983452e-07,2.43569680515082e-05,1.95645934254519e-05,"ACSL4/PPARG/CCN3/SPP1/TRH/HCAR2/FGG/DAB2/SFRP1/VAMP8/OSM/IL1B/TACR2/PRKCB/EFNA5/PAX8/IL6/LEP/GPR27/CRHBP/GRP/RBP4/TUNAR/INHBA/IFNG/SPINK1/HNF4A/GAL/TACR1/SNAP25",30
"BP","GO:0048247","lymphocyte chemotaxis","14/810","64/18870",4.18125576175068e-07,2.44527897199251e-05,1.96415616252689e-05,"CCL8/CH25H/TNFSF14/CCL24/CCL20/S100A7/SAA1/CCR2/CCL13/CYP7B1/CCL7/XCL1/XCL2/CCL2",14
"BP","GO:0042098","T cell proliferation","27/810","213/18870",4.82852520535083e-07,2.79019777937773e-05,2.24121019556635e-05,"CD209/LGALS3/IL1A/IL10/IGF1/VSIG4/PTPN22/CD28/GPNMB/LILRB2/HLA-DPA1/TNFSF9/TNFSF14/PLA2G2A/IL1B/CD80/CRTAM/IL6/CR1/CD70/LEP/HLA-DMB/CCR2/XCL1/TNFSF18/CLEC4G/CLC",27
"BP","GO:0002706","regulation of lymphocyte mediated immunity","25/810","188/18870",5.15305640743539e-07,2.94269832961075e-05,2.36370537871711e-05,"CD40/FCGR2B/IL10/CD28/FCGR1A/SVEP1/IL1R1/CLEC12B/IL1B/CD80/CRTAM/IL6/CR1/LEP/CCR2/C4BPB/PRKCZ/XCL1/CLEC4G/CLC/SLAMF6/KLRC1/C4BPA/TBX21/CD1C",25
"BP","GO:0072677","eosinophil migration","10/810","32/18870",5.48355381718916e-07,3.09501979402746e-05,2.48605671222383e-05,"LGALS3/CCL8/SCG2/PTGER4/CCL24/CCL13/CCL7/XCL1/XCL2/CCL2",10
"BP","GO:0001909","leukocyte mediated cytotoxicity","21/810","140/18870",5.64530699669439e-07,3.14969197263846e-05,2.529971822838e-05,"FCGR2B/FCGR3A/CTSG/GZMB/HPRT1/FCGR1A/CTSC/CLEC12B/NKG7/STAP1/CRTAM/SLAMF7/LEP/ICAM1/CXCL6/TREM1/XCL1/SLAMF6/KLRC1/CD1C/DNASE1L3",21
"BP","GO:0042886","amide transport","37/810","354/18870",5.79551474611834e-07,3.17493455044287e-05,2.55024777716488e-05,"CD209/FOLR2/ACSL4/S100A8/AQP9/IL1RN/CCN3/TRH/FGG/SFRP1/KMO/TRPV4/IL1B/TACR2/PRKCB/EFNA5/PAX8/IL6/PTPRN/SYT4/LEP/GPR27/SNCA/CRHBP/VIP/GRP/RBP4/TUNAR/SLC17A6/IFNG/SPINK1/RIMS2/HNF4A/GAL/FOLR3/CPLX3/SNAP25",37
"BP","GO:0002695","negative regulation of leukocyte activation","26/810","202/18870",5.82136742870654e-07,3.17493455044287e-05,2.55024777716488e-05,"LGALS3/FCGR2B/IL10/CTSG/VSIG4/PTPN22/FGL1/GPNMB/IL13RA2/SFRP1/LILRB2/CST7/PLA2G2A/CD80/CRTAM/CR1/CD300LF/CCR2/INHBA/XCL1/TNFSF18/CLEC4G/LRFN5/GAL/TBX21/BPI",26
"BP","GO:0030098","lymphocyte differentiation","42/810","429/18870",5.96614972548647e-07,3.21774341861237e-05,2.58463375242127e-05,"FCGR2B/IL1A/IL10/PTPN22/FLT3/CD28/JUNB/MAFB/SFRP1/LILRB2/VNN1/THEMIS/FCER1G/TNFSF9/IL1B/TOX/IL36B/PTGER4/CD80/CRTAM/BATF/IL6/CR1/CLEC4D/LY6D/LEP/ITGA4/CCR2/SOCS3/INHBA/PRKCZ/IL1RL2/IFNG/EGR3/TNFSF18/CLEC4G/SLAMF6/TESPA1/KLRC1/TBX21/CD3D/EGR1",42
"BP","GO:0036230","granulocyte activation","12/810","49/18870",7.68679054458666e-07,4.10018475861798e-05,3.29344964455165e-05,"FCGR2B/CTSG/CAMP/CXCR2/CXCL8/FCER1G/PLA2G2A/CXCL6/CCR2/FCER1A/CD177/DNASE1L3",12
"BP","GO:0002366","leukocyte activation involved in immune response","33/810","301/18870",8.10635701604001e-07,4.27698445172372e-05,3.43546297338812e-05,"LGALS3/CD40/FCGR2B/FCGR3A/IL10/CD28/JUNB/IL13RA2/SLC18A2/FCER1G/NKG7/VAMP8/PTGER4/CD80/BATF/IL6/CR1/CLEC4D/ICAM1/HLA-DMB/PTGDS/CCR2/GRP/SOCS3/FCER1A/PRKCZ/IFNG/TNFSF18/SLAMF6/TBX21/CD1C/CD177/DNASE1L3",33
"BP","GO:0002691","regulation of cellular extravasation","11/810","41/18870",8.25894962522476e-07,4.31063886890763e-05,3.46249568894539e-05,"GCNT1/CXCL12/IL1R1/LYVE1/PTGER4/CCL28/SELP/ICAM1/ITGA4/CCR2/SELE",11
"BP","GO:0002790","peptide secretion","29/810","246/18870",8.52793123881091e-07,4.40367853544555e-05,3.53722926187633e-05,"ACSL4/S100A8/IL1RN/CCN3/TRH/FGG/SFRP1/TRPV4/IL1B/TACR2/PRKCB/EFNA5/PAX8/IL6/PTPRN/LEP/GPR27/CRHBP/VIP/GRP/RBP4/TUNAR/IFNG/SPINK1/RIMS2/HNF4A/GAL/CPLX3/SNAP25",29
"BP","GO:1990868","response to chemokine","17/810","99/18870",9.76695045627845e-07,4.93841432445579e-05,3.96675268531309e-05,"DUSP1/CCL8/CXCR2/CXCL12/CXCL8/CCL24/CCL20/PF4V1/CXCL6/CCR2/CCL13/CXCR1/LOX/CCL7/XCL1/XCL2/CCL2",17
"BP","GO:1990869","cellular response to chemokine","17/810","99/18870",9.76695045627845e-07,4.93841432445579e-05,3.96675268531309e-05,"DUSP1/CCL8/CXCR2/CXCL12/CXCL8/CCL24/CCL20/PF4V1/CXCL6/CCR2/CCL13/CXCR1/LOX/CCL7/XCL1/XCL2/CCL2",17
"BP","GO:0050671","positive regulation of lymphocyte proliferation","21/810","145/18870",1.02022557255739e-06,5.09786448563807e-05,4.09483010318206e-05,"CD209/FGF10/CD40/FCGR3A/IL1A/IGF1/PTPN22/CD28/LILRB2/HLA-DPA1/TNFSF9/IL1B/CD80/IL6/CD70/PRLR/LEP/HLA-DMB/CCR2/XCL1/TACR1",21
"BP","GO:0015833","peptide transport","30/810","262/18870",1.02923510422854e-06,5.09786448563807e-05,4.09483010318206e-05,"CD209/ACSL4/S100A8/IL1RN/CCN3/TRH/FGG/SFRP1/TRPV4/IL1B/TACR2/PRKCB/EFNA5/PAX8/IL6/PTPRN/LEP/GPR27/CRHBP/VIP/GRP/RBP4/TUNAR/IFNG/SPINK1/RIMS2/HNF4A/GAL/CPLX3/SNAP25",30
"BP","GO:0002263","cell activation involved in immune response","33/810","305/18870",1.09104052204361e-06,5.34940474141382e-05,4.29687835582087e-05,"LGALS3/CD40/FCGR2B/FCGR3A/IL10/CD28/JUNB/IL13RA2/SLC18A2/FCER1G/NKG7/VAMP8/PTGER4/CD80/BATF/IL6/CR1/CLEC4D/ICAM1/HLA-DMB/PTGDS/CCR2/GRP/SOCS3/FCER1A/PRKCZ/IFNG/TNFSF18/SLAMF6/TBX21/CD1C/CD177/DNASE1L3",33
"BP","GO:0050866","negative regulation of cell activation","27/810","223/18870",1.2019617117789e-06,5.83432214897476e-05,4.68638545308319e-05,"LGALS3/FCGR2B/IL10/CTSG/VSIG4/PTPN22/FGL1/GPNMB/IL13RA2/SFRP1/LILRB2/CST7/PLA2G2A/CD80/CRTAM/CR1/CYGB/CD300LF/CCR2/INHBA/XCL1/TNFSF18/CLEC4G/LRFN5/GAL/TBX21/BPI",27
"BP","GO:0002460","adaptive immune response based on somatic recombination of immune receptors built from immunoglobulin superfamily domains","38/810","380/18870",1.22375024113294e-06,5.8812709608508e-05,4.72409681412863e-05,"CD40/FCGR2B/FCGR3A/IL10/CD28/JUNB/HPRT1/FCGR1A/SVEP1/IL13RA2/CTSC/IL1R1/FCER1G/IL1B/IL21R/CD80/BATF/IL6/CR1/CD70/IGLL5/ICAM1/CCR2/SOCS3/C6/FCER1A/C4BPB/PRKCZ/XCL1/TNFSF18/CLEC4G/TLR8/CLC/SLAMF6/KLRC1/C4BPA/TBX21/CD1C",38
"BP","GO:0015670","carbon dioxide transport","7/810","15/18870",1.24485069306321e-06,5.92402476875375e-05,4.75843856254503e-05,"HBG1/HBG2/HBD/HBB/HBA1/HBA2/HBZ",7
"BP","GO:0071356","cellular response to tumor necrosis factor","28/810","238/18870",1.36776804102379e-06,6.44577288459173e-05,5.17752971277682e-05,"FAS/DCSTAMP/FOS/CD40/CCL8/ASS1/CAMP/SFRP1/CXCL8/ZFP36/CCL24/CCL20/CALCA/CD70/ANKRD1/MMP8/CRHBP/CCL13/BIRC7/FABP4/CYP1B1/CCL7/XCL1/XCL2/TNFSF18/THBS1/CCL2/ST18",28
"BP","GO:0032946","positive regulation of mononuclear cell proliferation","21/810","148/18870",1.43487905036122e-06,6.69702202928206e-05,5.37934413212343e-05,"CD209/FGF10/CD40/FCGR3A/IL1A/IGF1/PTPN22/CD28/LILRB2/HLA-DPA1/TNFSF9/IL1B/CD80/IL6/CD70/PRLR/LEP/HLA-DMB/CCR2/XCL1/TACR1",21
"BP","GO:0009306","protein secretion","37/810","368/18870",1.48277890743391e-06,6.85467506350878e-05,5.50597801818067e-05,"ADTRP/ACSL4/PPARG/IL1A/IGF1/IL1RN/CCN3/TRH/HCAR2/FGG/SFRP1/SCG2/PCSK1/IL1B/TACR2/PRKCB/EFNA5/IL6/PPY/SAA1/PTPRN/ANKRD1/SYT4/OR51E2/LEP/GPR27/VIP/RBP4/TUNAR/IFNG/RAB3C/RIMS2/HNF4A/GAL/AP1M2/CPLX3/SNAP25",37
"BP","GO:0048245","eosinophil chemotaxis","9/810","28/18870",1.56555937816078e-06,7.16908039772872e-05,5.75852228074234e-05,"LGALS3/CCL8/SCG2/CCL24/CCL13/CCL7/XCL1/XCL2/CCL2",9
"BP","GO:0035592","establishment of protein localization to extracellular region","37/810","369/18870",1.58200681699181e-06,7.17669260717594e-05,5.76463674386392e-05,"ADTRP/ACSL4/PPARG/IL1A/IGF1/IL1RN/CCN3/TRH/HCAR2/FGG/SFRP1/SCG2/PCSK1/IL1B/TACR2/PRKCB/EFNA5/IL6/PPY/SAA1/PTPRN/ANKRD1/SYT4/OR51E2/LEP/GPR27/VIP/RBP4/TUNAR/IFNG/RAB3C/RIMS2/HNF4A/GAL/AP1M2/CPLX3/SNAP25",37
"BP","GO:0008544","epidermis development","38/810","385/18870",1.68187039649051e-06,7.55907305978235e-05,6.07178162631662e-05,"ESRP1/FGF10/TCHH/IL1A/KRT1/SNAI1/CSTA/SVEP1/KRT17/MAFB/CST6/ZFP36/KRT36/CALML5/FGF7/S100A7/KRT14/KRT86/EREG/SLITRK6/KRT6A/DKK1/KRTDAP/GATA6/ALOX15B/KRT81/KRT15/INHBA/GJB5/SFN/MET/FLG2/KRT16/COL17A1/GAL/LHFPL5/KLK5/ST14",38
"BP","GO:0050886","endocrine process","16/810","92/18870",1.70178194382139e-06,7.57839408743949e-05,6.08730112980632e-05,"PPARG/CTSG/SPP1/HCAR2/CPA3/DAB2/SELENOM/IL1B/TACR2/OR51E2/LEP/CRHBP/INHBA/AVPR2/GAL/TACR1",16
"BP","GO:0030072","peptide hormone secretion","28/810","241/18870",1.75616954649805e-06,7.74949725336501e-05,6.22473875619977e-05,"ACSL4/IL1RN/CCN3/TRH/FGG/SFRP1/TRPV4/IL1B/TACR2/PRKCB/EFNA5/PAX8/IL6/PTPRN/LEP/GPR27/CRHBP/VIP/GRP/RBP4/TUNAR/IFNG/SPINK1/RIMS2/HNF4A/GAL/CPLX3/SNAP25",28
"BP","GO:0043030","regulation of macrophage activation","13/810","62/18870",1.803980642358e-06,7.83310023113665e-05,6.29189236356996e-05,"FCGR2B/IL10/VSIG4/CTSC/CST7/STAP1/IL6/MMP8/SNCA/LRFN5/THBS1/HAMP/BPI",13
"BP","GO:0007162","negative regulation of cell adhesion","33/810","312/18870",1.80739024698662e-06,7.83310023113665e-05,6.29189236356996e-05,"ADAMDEC1/LGALS3/ADTRP/FCGR2B/DUSP1/IL10/CTSG/IL1RN/VSIG4/PTPN22/ASS1/FGL1/GPNMB/CXCL12/FXYD5/LILRB2/SPOCK1/TRPV4/PLA2G2A/EFNA5/CCL28/CD80/CRTAM/KNG1/CR1/TACSTD2/EPCAM/CYP1B1/XCL1/TNFSF18/CLEC4G/THBS1/TBX21",33
"BP","GO:0007157","heterophilic cell-cell adhesion via plasma membrane cell adhesion molecules","12/810","53/18870",1.8977949968405e-06,8.15212116341929e-05,6.54814407852559e-05,"CD209/JAML/IL1RAPL1/AMIGO2/LGALS7B/TENM3/CRTAM/SELP/CEACAM6/ICAM1/SELE/NECTIN4",12
"BP","GO:0090025","regulation of monocyte chemotaxis","9/810","29/18870",2.18391599294684e-06,9.29888441207364e-05,7.46927501188835e-05,"LGMN/DUSP1/CCN3/CXCL12/FPR2/GREM1/S100A7/CCR2/TNFSF18",9
"BP","GO:1903038","negative regulation of leukocyte cell-cell adhesion","21/810","152/18870",2.22646938187989e-06,9.3976368518652e-05,7.54859733682665e-05,"LGALS3/ADTRP/FCGR2B/IL10/CTSG/VSIG4/PTPN22/ASS1/FGL1/GPNMB/CXCL12/LILRB2/PLA2G2A/CCL28/CD80/CRTAM/CR1/XCL1/TNFSF18/CLEC4G/TBX21",21
"BP","GO:0002504","antigen processing and presentation of peptide or polysaccharide antigen via MHC class II","10/810","37/18870",2.43592940692522e-06,0.000101931046044957,8.18755219895738e-05,"LGMN/FCGR2B/IFI30/HLA-DQB2/HLA-DQA2/HLA-DPA1/FCER1G/HLA-DMB/HLA-DMA/THBS1",10
"BP","GO:0050679","positive regulation of epithelial cell proliferation","26/810","218/18870",2.50566111132667e-06,0.000103952812259655,8.34994939842913e-05,"FGF10/JAML/IL10/IGF1/CXCL12/CAV2/WNT2/SFRP1/LRG1/SCG2/HMOX1/C5AR1/CCL24/FGF7/PTPRN/GPBAR1/ITGA4/AREG/VIP/CYP7B1/EGR3/SPINK1/BMP5/HTR2B/TACR1/PPP1R16B",26
"BP","GO:0002456","T cell mediated immunity","19/810","129/18870",2.55908190406981e-06,0.000105269352223346,8.45569970800586e-05,"FCGR2B/HPRT1/CTSC/IL1R1/IL1B/CD80/IL6/CR1/CD70/ICAM1/CCR2/PRKCZ/XCL1/CLEC4G/CLC/KLRC1/C4BPA/TBX21/CD1C",19
"BP","GO:0022408","negative regulation of cell-cell adhesion","25/810","205/18870",2.59774226429701e-06,0.000105961688663006,8.51131123127475e-05,"LGALS3/ADTRP/FCGR2B/IL10/CTSG/IL1RN/VSIG4/PTPN22/ASS1/FGL1/GPNMB/CXCL12/FXYD5/LILRB2/TRPV4/PLA2G2A/CCL28/CD80/CRTAM/CR1/EPCAM/XCL1/TNFSF18/CLEC4G/TBX21",25
"BP","GO:0071692","protein localization to extracellular region","37/810","377/18870",2.62801578923694e-06,0.000106303238674634,8.53874603801195e-05,"ADTRP/ACSL4/PPARG/IL1A/IGF1/IL1RN/CCN3/TRH/HCAR2/FGG/SFRP1/SCG2/PCSK1/IL1B/TACR2/PRKCB/EFNA5/IL6/PPY/SAA1/PTPRN/ANKRD1/SYT4/OR51E2/LEP/GPR27/VIP/RBP4/TUNAR/IFNG/RAB3C/RIMS2/HNF4A/GAL/AP1M2/CPLX3/SNAP25",37
"BP","GO:0002822","regulation of adaptive immune response based on somatic recombination of immune receptors built from immunoglobulin superfamily domains","24/810","193/18870",2.90727724111803e-06,0.000116627468829644,9.36803384175831e-05,"CD40/FCGR2B/IL10/CD28/JUNB/FCGR1A/SVEP1/IL1R1/IL1B/CD80/BATF/IL6/CR1/CCR2/C4BPB/PRKCZ/XCL1/TNFSF18/CLEC4G/CLC/KLRC1/C4BPA/TBX21/CD1C",24
"BP","GO:0002690","positive regulation of leukocyte chemotaxis","16/810","96/18870",3.04524137162411e-06,0.000121160668998881,9.73216051811538e-05,"LGMN/CXCR2/CXCL12/FPR2/CXCL8/TRPV4/TNFSF14/C5AR1/IL6/S100A7/CCR2/CCL7/XCL1/XCL2/TNFSF18/THBS1",16
"BP","GO:0002819","regulation of adaptive immune response","25/810","208/18870",3.3834973281106e-06,0.000133524357972755,0.000107252666695093,"CD40/FCGR2B/IL10/CD28/JUNB/FCGR1A/SVEP1/IL1R1/SKAP1/IL1B/CD80/BATF/IL6/CR1/CCR2/C4BPB/PRKCZ/XCL1/TNFSF18/CLEC4G/CLC/KLRC1/C4BPA/TBX21/CD1C",25
"BP","GO:0050832","defense response to fungus","12/810","56/18870",3.52859883084821e-06,0.000138127570362397,0.000110950170368945,"S100A8/GNLY/S100A9/CTSG/MPO/CLEC4D/S100A12/DEFA3/IL36RN/DEFA4/LTF/HAMP",12
"BP","GO:0019886","antigen processing and presentation of exogenous peptide antigen via MHC class II","9/810","31/18870",4.06906456140687e-06,0.000158009915048552,0.000126920548509061,"LGMN/FCGR2B/IFI30/HLA-DQB2/HLA-DQA2/HLA-DPA1/FCER1G/HLA-DMB/HLA-DMA",9
"BP","GO:0098754","detoxification","21/810","158/18870",4.17199927634051e-06,0.000160721305455213,0.000129098457139225,"HBG1/HBG2/NQO1/HBD/HBB/S100A9/ALB/HBA1/HBA2/ALOX5AP/ADH4/PTGS2/AKR1B10/HBM/MPO/CYGB/SLC17A3/GSTA1/CD36/HBZ/GPX3",21
"BP","GO:0019932","second-messenger-mediated signaling","32/810","310/18870",4.33297738389921e-06,0.000165608442688557,0.000133024021798282,"FCGR3A/IGF1/RCAN2/CXCR2/FPR2/CXCL8/ADM/PLN/CCL20/MCTP2/GUCY1B1/TNNI3/OR51E2/SELP/NPPC/GRIN2A/NOS1/CCR2/MYOZ2/FPR1/CXCR1/CD36/SELE/PTGFR/KCNC2/GUCY2D/SPINK1/TRAT1/RIT2/THBS1/GAL/HTR2B",32
"BP","GO:0002444","myeloid leukocyte mediated immunity","17/810","110/18870",4.39138644468239e-06,0.00016652960783194,0.000133763942361049,"FCGR2B/FCGR3A/CTSG/FCGR1A/IL13RA2/SLC18A2/VAMP8/STAP1/IL6/CXCL6/PTGDS/CCR2/GRP/FCER1A/TREM1/CD177/DNASE1L3",17
"BP","GO:0006953","acute-phase response","11/810","48/18870",4.48708869654064e-06,0.000168839756069832,0.000135619555544566,"CD163/IL1A/ASS1/PTGS2/IL1B/IL6/SAA1/SERPINA3/SAA2/PTGER3/ORM1",11
"BP","GO:0032102","negative regulation of response to external stimulus","43/810","481/18870",4.77406683208119e-06,0.000178256310791708,0.00014318334855084,"ADTRP/CD200R1/PPARG/FCGR2B/DUSP1/IL10/IGF1/VSIG4/PTPN22/CCN3/KRT1/SPP1/C5AR2/SEMA3C/HGF/FGG/FPR2/FBXL2/CLEC12B/PLAU/CST7/ACP5/ZFP36/PLAUR/STAP1/PTGER4/NLRP12/GREM1/KNG1/CR1/SAA1/SERPINB2/TSPAN8/LEP/SOCS3/LRFN5/LTF/THBS1/CCL2/KLRC1/DRD1/HAMP/SLC6A3",43
"BP","GO:0002286","T cell activation involved in immune response","18/810","123/18870",5.12811051469769e-06,0.000190014110216356,0.000152627732795824,"LGALS3/FCGR2B/JUNB/FCER1G/PTGER4/CD80/BATF/IL6/CLEC4D/ICAM1/HLA-DMB/SOCS3/PRKCZ/IFNG/TNFSF18/SLAMF6/TBX21/CD1C",18
"BP","GO:0003018","vascular process in circulatory system","29/810","269/18870",5.19634231155175e-06,0.000191083678638426,0.000153486857432119,"HRH2/HBB/KCNMA1/CXCR2/FGG/SLC2A3/TRPV4/PTGS2/ADM/ATP2B1/TACR2/SLCO3A1/CALCA/NTS/KNG1/SLC16A7/LEP/NPPC/NOS1/SLC2A13/C2CD4A/CD36/AVPR2/HTR7/DRD1/SLC5A1/SLC22A2/HTR2B/TACR1",29
"BP","GO:0002478","antigen processing and presentation of exogenous peptide antigen","10/810","40/18870",5.27373943605455e-06,0.000192471663327886,0.000154601748089799,"LGMN/FCGR2B/FCGR1A/IFI30/HLA-DQB2/HLA-DQA2/HLA-DPA1/FCER1G/HLA-DMB/HLA-DMA",10
"BP","GO:1903236","regulation of leukocyte tethering or rolling","7/810","18/18870",5.49706372426755e-06,0.00019912497998205,0.000159945986132655,"GCNT1/CXCL12/CCL28/SELP/ITGA4/CCR2/SELE",7
"BP","GO:0019884","antigen processing and presentation of exogenous antigen","11/810","49/18870",5.56347043503803e-06,0.000199487622508043,0.000160237276639948,"LGMN/FCGR2B/FCGR1A/IFI30/HLA-DQB2/HLA-DQA2/HLA-DPA1/FCER1G/HLA-DMB/HLA-DMA/CD1C",11
"BP","GO:0002699","positive regulation of immune effector process","29/810","270/18870",5.58927001670661e-06,0.000199487622508043,0.000160237276639948,"CD40/LACC1/IL10/PTPN22/CD28/FCGR1A/FCN1/IL13RA2/IL1R1/VAMP8/IL1B/STAP1/CD80/CRTAM/IL6/CR1/HLA-DMB/CCR2/RBP4/CD36/PRKCZ/IFNG/XCL1/SLAMF6/KLRC1/TBX21/CD1C/CD177/KLK5",29
"BP","GO:0071676","negative regulation of mononuclear cell migration","8/810","25/18870",6.28004896859445e-06,0.000221049770017121,0.000177556946662203,"ADTRP/CD200R1/DUSP1/CCN3/GCSAM/GREM1/BMP5/CCL2",8
"BP","GO:0002704","negative regulation of leukocyte mediated immunity","13/810","69/18870",6.35897041062853e-06,0.000221049770017121,0.000177556946662203,"FCGR2B/SVEP1/IL13RA2/CLEC12B/CD80/CR1/CCR2/C4BPB/XCL1/CLEC4G/KLRC1/C4BPA/TBX21",13
"BP","GO:2000401","regulation of lymphocyte migration","13/810","69/18870",6.35897041062853e-06,0.000221049770017121,0.000177556946662203,"ADTRP/CD200R1/GCSAM/CXCL12/TNFSF14/CCL20/S100A7/ITGA4/CCR2/CCL7/XCL1/XCL2/CCL2",13
"BP","GO:0007200","phospholipase C-activating G protein-coupled receptor signaling pathway","17/810","113/18870",6.38010830361261e-06,0.000221049770017121,0.000177556946662203,"FPR3/C5AR2/CXCR2/FPR2/C5AR1/PRKCB/CALCA/GPR27/FPR1/VIP/GRP/GPR20/PTGER3/CHRM2/DRD1/HTR2B/TACR1",17
"BP","GO:0002768","immune response-regulating cell surface receptor signaling pathway","34/810","346/18870",6.46644052453909e-06,0.000221049770017121,0.000177556946662203,"LGALS3/CD200R1/FPR3/CD40/LY96/FCGR2B/FCGR3A/PTPN22/CD28/C5AR2/GCSAM/FCGR1A/FCN1/FPR2/LILRB2/CLEC12B/THEMIS/CD14/FCER1G/SKAP1/STAP1/C5AR1/PRKCB/CR1/CLEC4D/FPR1/FCER1A/TNIP3/CD8B/TRAT1/LTF/TESPA1/KLRC1/CD3D",34
"BP","GO:0002698","negative regulation of immune effector process","18/810","125/18870",6.46663933713043e-06,0.000221049770017121,0.000177556946662203,"LGALS3/FCGR2B/IL10/VSIG4/SVEP1/IL13RA2/CLEC12B/ACP5/CD80/CR1/CCR2/C4BPB/XCL1/TNFSF18/CLEC4G/KLRC1/C4BPA/TBX21",18
"BP","GO:0150077","regulation of neuroinflammatory response","10/810","41/18870",6.70852797590356e-06,0.000227714648916335,0.000182910472011386,"CD200R1/IGF1/CTSC/CST7/PTGS2/IL1B/STAP1/IL6/MMP8/MMP3",10
"BP","GO:0070098","chemokine-mediated signaling pathway","15/810","91/18870",7.09661448686748e-06,0.000239215046661491,0.000192148099849102,"CCL8/CXCR2/CXCL12/CXCL8/CCL24/CCL20/PF4V1/CXCL6/CCR2/CCL13/CXCR1/CCL7/XCL1/XCL2/CCL2",15
"BP","GO:0032635","interleukin-6 production","22/810","177/18870",7.51296028439439e-06,0.000249780200140071,0.000200634498149941,"CD200R1/MAPK13/IL1A/IL10/PTPN22/C5AR2/HGF/LILRB2/TRPV4/IL1B/NLRP12/IL6/LILRA5/EREG/LEP/IL36RN/CD36/IL1RL2/IFNG/TLR8/ORM1/BPI",22
"BP","GO:0032675","regulation of interleukin-6 production","22/810","177/18870",7.51296028439439e-06,0.000249780200140071,0.000200634498149941,"CD200R1/MAPK13/IL1A/IL10/PTPN22/C5AR2/HGF/LILRB2/TRPV4/IL1B/NLRP12/IL6/LILRA5/EREG/LEP/IL36RN/CD36/IL1RL2/IFNG/TLR8/ORM1/BPI",22
"BP","GO:0070374","positive regulation of ERK1 and ERK2 cascade","25/810","218/18870",7.83402832296116e-06,0.000258664203422386,0.000207770522298814,"FGF10/CCL8/IL1A/IGF1/PTPN22/GPNMB/FGG/FPR2/TRPV4/PLA2G2A/C5AR1/CCL24/CCL20/S100A7/GPBAR1/ICAM1/CCL13/CD36/INHBA/PRKCZ/CCL7/XCL1/XCL2/CCL2/HTR2B",25
"BP","GO:0050920","regulation of chemotaxis","26/810","232/18870",7.88675362721738e-06,0.000258664203422386,0.000207770522298814,"LGMN/FGF10/DUSP1/CCN3/C5AR2/SEMA3C/CXCR2/CXCL12/FPR2/CXCL8/SCG2/TRPV4/TNFSF14/STAP1/C5AR1/GREM1/IL6/S100A7/CCR2/MET/CCL7/XCL1/XCL2/TNFSF18/THBS1/CCL2",26
"BP","GO:0002430","complement receptor mediated signaling pathway","6/810","13/18870",8.13207827139455e-06,0.000264920187445296,0.000212795605208375,"FPR3/C5AR2/FPR2/C5AR1/CR1/FPR1",6
"BP","GO:0042119","neutrophil activation","10/810","42/18870",8.46874477243831e-06,0.000274048580836104,0.000220127934295519,"FCGR2B/CTSG/CAMP/CXCR2/CXCL8/FCER1G/PLA2G2A/CXCL6/CD177/DNASE1L3",10
"BP","GO:0034113","heterotypic cell-cell adhesion","12/810","61/18870",9.03902004883929e-06,0.000290012654215513,0.000232950983717013,"PERP/ITGAD/CD200R1/DSC2/IL10/IL1RN/FGG/LILRB2/SKAP1/IL1B/CEACAM6/ITGA4",12
"BP","GO:0070665","positive regulation of leukocyte proliferation","21/810","166/18870",9.13748718060013e-06,0.000290012654215513,0.000232950983717013,"CD209/FGF10/CD40/FCGR3A/IL1A/IGF1/PTPN22/CD28/LILRB2/HLA-DPA1/TNFSF9/IL1B/CD80/IL6/CD70/PRLR/LEP/HLA-DMB/CCR2/XCL1/TACR1",21
"BP","GO:0019882","antigen processing and presentation","17/810","116/18870",9.14131357539629e-06,0.000290012654215513,0.000232950983717013,"CD209/LGMN/FCGR2B/FCGR1A/IFI30/HLA-DQB2/LILRB2/HLA-DQA2/HLA-DPA1/FCER1G/RAB33A/ICAM1/HLA-DMB/HLA-DMA/RAB3C/THBS1/CD1C",17
"BP","GO:0046887","positive regulation of hormone secretion","19/810","141/18870",9.68456651389321e-06,0.00030525250557427,0.000245192305997679,"ACSL4/PPARG/SPP1/TRH/HCAR2/FGG/DAB2/VAMP8/PRKCB/LEP/GPR27/GRP/RBP4/TUNAR/INHBA/SPINK1/GAL/TACR1/SNAP25",19
"BP","GO:0042102","positive regulation of T cell proliferation","16/810","105/18870",1.00430878124949e-05,0.000314510633818389,0.000252628843853862,"CD209/IL1A/IGF1/PTPN22/CD28/LILRB2/HLA-DPA1/TNFSF9/IL1B/CD80/IL6/CD70/LEP/HLA-DMB/CCR2/XCL1",16
"BP","GO:0050766","positive regulation of phagocytosis","13/810","72/18870",1.03595671176402e-05,0.000322341915314266,0.000258919275328875,"FCGR2B/FCGR1A/FCN1/FPR2/FCER1G/IL1B/STAP1/SIRPB1/CD300LF/CD36/IFNG/CCL2/SIRPG",13
"BP","GO:0006909","phagocytosis","26/810","237/18870",1.15691975450897e-05,0.000357687164865384,0.0002873101421858,"FCGR2B/FCGR1A/FCN1/MSR1/FPR2/CD14/FCER1G/IL1B/STAP1/CEACAM4/SIRPB1/TIMD4/CEBPE/LEP/CD300LF/CCR2/CD36/C4BPB/IFNG/MET/TAFA4/THBS1/PRTN3/CCL2/C4BPA/SIRPG",26
"BP","GO:0071677","positive regulation of mononuclear cell migration","13/810","73/18870",1.21151376094543e-05,0.000372195430103109,0.000298963822154689,"LGALS3/LGMN/CXCL12/FPR2/TNFSF14/CCL20/S100A7/ITGA4/CCR2/CCL7/XCL1/XCL2/TNFSF18",13
"BP","GO:0002495","antigen processing and presentation of peptide antigen via MHC class II","9/810","35/18870",1.22116233623936e-05,0.000372800124534959,0.000299449539452538,"LGMN/FCGR2B/IFI30/HLA-DQB2/HLA-DQA2/HLA-DPA1/FCER1G/HLA-DMB/HLA-DMA",9
"BP","GO:0003012","muscle system process","40/810","452/18870",1.29364152790538e-05,0.000392458498528295,0.00031524001443168,"DSC2/KCNMA1/PPARG/IGF1/MYL4/ANKRD2/KCNE1/HMOX1/SCN1B/TRPV4/PTGS2/IL1B/ATP2B1/CACNA2D1/TNNI2/PLN/TACR2/TRIM63/CALCA/TNNC2/TNNI3/LEP/MYOT/NOS1/LMOD2/GATA6/MYOZ2/KCNB2/SMPX/CHRNE/PTGER3/CHRM2/FGF13/TRIM72/HTR7/DRD1/HTR2B/TACR1/SCN1A/KCNJ3",40
"BP","GO:0015837","amine transport","16/810","108/18870",1.44819357726439e-05,0.000436006911486647,0.000350220024753657,"AQP9/TRH/CXCL12/SLC18A2/KMO/TACR2/PRKCB/SYT4/LEP/SLC18A3/SNCA/VIP/CHRNA6/TH/DRD1/SLC22A2",16
"BP","GO:0050921","positive regulation of chemotaxis","19/810","145/18870",1.45515285663034e-05,0.000436006911486647,0.000350220024753657,"LGMN/FGF10/CXCR2/CXCL12/FPR2/CXCL8/SCG2/TRPV4/TNFSF14/C5AR1/IL6/S100A7/CCR2/MET/CCL7/XCL1/XCL2/TNFSF18/THBS1",19
"BP","GO:0042743","hydrogen peroxide metabolic process","11/810","54/18870",1.50264091404804e-05,0.000445790198711078,0.000358078393517193,"HBG1/HBG2/HBD/HBB/HBA1/HBA2/HBM/MPO/SNCA/HBZ/GPX3",11
"BP","GO:0050678","regulation of epithelial cell proliferation","37/810","407/18870",1.50617207640331e-05,0.000445790198711078,0.000358078393517193,"PPARG/FGF10/JAML/IL10/IGF1/CXCL12/CAV2/WNT2/DAB2/SFRP1/LRG1/SCG2/HMOX1/ZFP36/C5AR1/CCL24/FGF7/EREG/PTPRN/GPBAR1/LEP/ITGA4/TACSTD2/AREG/VIP/CYP7B1/EGR3/SFN/SPINK1/BMP5/THBS1/CCL2/NKX2-8/SFRP2/HTR2B/TACR1/PPP1R16B",37
"BP","GO:0002285","lymphocyte activation involved in immune response","24/810","213/18870",1.59298214825623e-05,0.000466985642476429,0.000375103510882548,"LGALS3/CD40/FCGR2B/FCGR3A/IL10/CD28/JUNB/FCER1G/NKG7/PTGER4/CD80/BATF/IL6/CR1/CLEC4D/ICAM1/HLA-DMB/SOCS3/PRKCZ/IFNG/TNFSF18/SLAMF6/TBX21/CD1C",24
"BP","GO:0042391","regulation of membrane potential","39/810","440/18870",1.59702547694864e-05,0.000466985642476429,0.000375103510882548,"GLRX/DSC2/KCNMA1/POPDC3/KCNE1/SCN1B/NPS/KCNH1/CACNA2D1/PLN/GABRB2/KCNA4/GABRA2/GJD2/GRIN2A/SNCA/HTR3A/KCNK1/CD36/CHRNA6/CHRNE/GLRA3/PRKCZ/KCNC2/GRIA1/KCNH6/FGF13/RIMS2/KCNH5/GABRB3/TAFA4/CNGB1/GABRA4/CHRNA2/DRD1/TACR1/SCN1A/CELF4/KCNJ3",39
"BP","GO:0002675","positive regulation of acute inflammatory response","8/810","28/18870",1.60930847345184e-05,0.000467759480846421,0.000375725092068428,"FCGR1A/ALOX5AP/PTGS2/OSM/IL1B/IL6/C2CD4A/PTGER3",8
"BP","GO:0032640","tumor necrosis factor production","22/810","186/18870",1.66500076290571e-05,0.000478219745748183,0.000384127239227825,"LY96/FCGR3A/IL1A/IL10/IGF1/PTPN22/C5AR2/GPNMB/CD14/ACP5/ZFP36/IL6/LILRA5/LEP/MMP8/CCR2/CD36/IFNG/LTF/THBS1/ORM1/BPI",22
"BP","GO:0032680","regulation of tumor necrosis factor production","22/810","186/18870",1.66500076290571e-05,0.000478219745748183,0.000384127239227825,"LY96/FCGR3A/IL1A/IL10/IGF1/PTPN22/C5AR2/GPNMB/CD14/ACP5/ZFP36/IL6/LILRA5/LEP/MMP8/CCR2/CD36/IFNG/LTF/THBS1/ORM1/BPI",22
"BP","GO:0034104","negative regulation of tissue remodeling","7/810","21/18870",1.79382735457912e-05,0.000512190469360416,0.000411414026090469,"PPARG/SFRP1/TNFRSF11B/GREM1/IL6/CALCA/HAMP",7
"BP","GO:0042116","macrophage activation","16/810","110/18870",1.83370031627131e-05,0.000520513528373155,0.000418099475005783,"FCGR2B/FCGR3A/IL10/VSIG4/CTSC/CST7/STAP1/C5AR1/IL6/MMP8/SNCA/IFNG/LRFN5/THBS1/HAMP/BPI",16
"BP","GO:0050730","regulation of peptidyl-tyrosine phosphorylation","25/810","231/18870",2.13844143283425e-05,0.000603488064824271,0.000484748290527422,"FGF10/CD40/IGF1/FLT3/HGF/FCGR1A/SFRP1/OSM/EFNA5/CD80/FGF7/GREM1/IL6/LILRA5/LEP/AREG/SOCS3/CD36/CRLF1/PRKCZ/IFNG/SPINK1/TNFSF18/SFRP2/CSF3",25
"BP","GO:0060986","endocrine hormone secretion","11/810","56/18870",2.16146077492774e-05,0.000605637436058686,0.000486474760514686,"PPARG/SPP1/HCAR2/DAB2/SELENOM/IL1B/TACR2/LEP/CRHBP/INHBA/GAL",11
"BP","GO:0034329","cell junction assembly","39/810","446/18870",2.17101182270728e-05,0.000605637436058686,0.000486474760514686,"SNAI1/IL1RAPL1/SFRP1/AMIGO2/CDH19/TRPV4/IL1B/GABRB2/EFNA5/LGI2/DNM3/GREM1/CDH7/GPBAR1/SLITRK6/GABRA2/DKK1/CLDN14/SNCA/GRIA1/SLITRK4/CDH9/FGF13/NEGR1/GABRB3/DSG1/COL17A1/LRFN5/THBS1/CLDN16/DRD1/LINGO4/CBLN2/CDH18/UGT8/CLDN11/SLITRK1/SNAP25/GJB1",39
"BP","GO:0044409","entry into host","20/810","163/18870",2.3325606197398e-05,0.000646985671326684,0.000519687490858118,"CD209/TRIM58/CH25H/FCN1/IFITM2/CAV2/GYPA/CXCL8/VAMP8/CLEC5A/ITGB6/CD80/CR1/KRT6A/ICAM1/SIGLEC1/HS3ST5/RFPL2/CLEC4G/NECTIN4",20
"BP","GO:0009620","response to fungus","12/810","67/18870",2.45702707659565e-05,0.000677636899420188,0.000544307912183631,"S100A8/GNLY/S100A9/CTSG/MPO/CLEC4D/S100A12/DEFA3/IL36RN/DEFA4/LTF/HAMP",12
"BP","GO:0071706","tumor necrosis factor superfamily cytokine production","22/810","191/18870",2.52579445963059e-05,0.000687088815132467,0.000551900108700509,"LY96/FCGR3A/IL1A/IL10/IGF1/PTPN22/C5AR2/GPNMB/CD14/ACP5/ZFP36/IL6/LILRA5/LEP/MMP8/CCR2/CD36/IFNG/LTF/THBS1/ORM1/BPI",22
"BP","GO:1903555","regulation of tumor necrosis factor superfamily cytokine production","22/810","191/18870",2.52579445963059e-05,0.000687088815132467,0.000551900108700509,"LY96/FCGR3A/IL1A/IL10/IGF1/PTPN22/C5AR2/GPNMB/CD14/ACP5/ZFP36/IL6/LILRA5/LEP/MMP8/CCR2/CD36/IFNG/LTF/THBS1/ORM1/BPI",22
"BP","GO:0060713","labyrinthine layer morphogenesis","7/810","22/18870",2.53376386297304e-05,0.000687088815132467,0.000551900108700509,"IL10/ADM/RSPO3/SOCS3/GJB5/BMP5/ST14",7
"BP","GO:0006836","neurotransmitter transport","23/810","207/18870",2.97531822528573e-05,0.000802344148085386,0.000644478286927389,"SLC18A2/KMO/TACR2/PRKCB/ERC2/MCTP2/SYT4/GABRA2/SLC18A3/NOS1/SLC6A15/SNCA/CHAT/SLC17A6/TH/UNC13C/RIMS2/DRD1/SLC22A2/SLC6A3/CPLX3/NAPB/SNAP25",23
"BP","GO:0002707","negative regulation of lymphocyte mediated immunity","11/810","58/18870",3.05649066660965e-05,0.000819679872691891,0.00065840310724758,"FCGR2B/SVEP1/CLEC12B/CD80/CR1/C4BPB/XCL1/CLEC4G/KLRC1/C4BPA/TBX21",11
"BP","GO:0072540","T-helper 17 cell lineage commitment","6/810","16/18870",3.39642490168442e-05,0.000905837718284407,0.000727608897388034,"BATF/IL6/SOCS3/TNFSF18/SLAMF6/TBX21",6
"BP","GO:0043373","CD4-positive, alpha-beta T cell lineage commitment","7/810","23/18870",3.50783072174886e-05,0.000930437722588467,0.000747368708274821,"TOX/BATF/IL6/SOCS3/TNFSF18/SLAMF6/TBX21",7
"BP","GO:0015908","fatty acid transport","16/810","116/18870",3.59197999904447e-05,0.000935665931293608,0.000751568236616903,"PPARG/IL1A/PLA2G2C/RBP7/PTGS2/PLA2G2A/IL1B/SLCO3A1/LEP/SLC27A2/FABP5P3/CD36/FABP4/THBS1/SLC22A2/FABP6",16
"BP","GO:0002673","regulation of acute inflammatory response","10/810","49/18870",3.60291445654487e-05,0.000935665931293608,0.000751568236616903,"FCGR2B/FCGR1A/ALOX5AP/PTGS2/OSM/IL1B/IL6/C2CD4A/PTGER3/DNASE1L3",10
"BP","GO:0046850","regulation of bone remodeling","10/810","49/18870",3.60291445654487e-05,0.000935665931293608,0.000751568236616903,"DCSTAMP/SPP1/SFRP1/SIGLEC15/TNFRSF11B/GREM1/IL6/CALCA/LEP/HAMP",10
"BP","GO:0002823","negative regulation of adaptive immune response based on somatic recombination of immune receptors built from immunoglobulin superfamily domains","11/810","59/18870",3.61290416424897e-05,0.000935665931293608,0.000751568236616903,"FCGR2B/SVEP1/CD80/CR1/C4BPB/XCL1/TNFSF18/CLEC4G/KLRC1/C4BPA/TBX21",11
"BP","GO:0050731","positive regulation of peptidyl-tyrosine phosphorylation","20/810","168/18870",3.62392243681908e-05,0.000935665931293608,0.000751568236616903,"FGF10/CD40/IGF1/FLT3/HGF/FCGR1A/OSM/EFNA5/CD80/FGF7/GREM1/IL6/LILRA5/LEP/AREG/CD36/CRLF1/IFNG/TNFSF18/CSF3",20
"BP","GO:0043368","positive T cell selection","9/810","40/18870",3.90029132255148e-05,0.00100169386664894,0.000804604793023152,"THEMIS/TOX/BATF/IL6/SOCS3/TNFSF18/SLAMF6/TBX21/CD3D",9
"BP","GO:0051250","negative regulation of lymphocyte activation","20/810","169/18870",3.94816307716237e-05,0.00100865176718664,0.000810193686305231,"LGALS3/FCGR2B/IL10/CTSG/VSIG4/PTPN22/FGL1/GPNMB/SFRP1/LILRB2/PLA2G2A/CD80/CRTAM/CR1/INHBA/XCL1/TNFSF18/CLEC4G/GAL/TBX21",20
"BP","GO:0055074","calcium ion homeostasis","31/810","331/18870",4.15441746087244e-05,0.00105578755785732,0.000848055236983826,"CD40/SNX10/CCL8/CXCL12/CAV2/FASLG/TRPV4/FAM20A/CAPN3/ATP2B1/PLN/PRKCB/ERC2/CALCA/TNNI3/NPPC/TPT1/NOS1/CCR2/SNCA/CCL13/MICU3/TUNAR/BDKRB1/GRIA1/SLC24A2/CNGB1/CCL7/XCL1/DRD1/HTR2B",31
"BP","GO:0045619","regulation of lymphocyte differentiation","23/810","212/18870",4.34130231894464e-05,0.00109753549250819,0.000881589023540074,"IL10/CD28/JUNB/SFRP1/LILRB2/VNN1/TNFSF9/TOX/IL36B/CD80/CRTAM/BATF/CR1/CCR2/INHBA/PRKCZ/IL1RL2/IFNG/EGR3/TNFSF18/CLEC4G/TESPA1/TBX21",23
"BP","GO:0150076","neuroinflammatory response","13/810","82/18870",4.38965194719296e-05,0.00109879061903919,0.000882597196651958,"CD200R1/IGF1/CTSC/CST7/PTGS2/IL1B/STAP1/C5AR1/IL6/MMP8/SNCA/IFNG/MMP3",13
"BP","GO:0048771","tissue remodeling","21/810","184/18870",4.39154058701285e-05,0.00109879061903919,0.000882597196651958,"DCSTAMP/PPARG/FGF10/SNX10/IL1A/SPP1/SEMA3C/GPNMB/SFRP1/SIGLEC15/ACP5/RSPO3/TNFRSF11B/GREM1/IL6/CALCA/LEP/NPPC/CCR2/NPR3/HAMP",21
"BP","GO:0070498","interleukin-1-mediated signaling pathway","8/810","32/18870",4.67584745444585e-05,0.0011639263355836,0.000934917083469227,"IL1RN/IL1R1/IL1B/IL1R2/IL6/IL1RL2/EGR1/ST18",8
"BP","GO:0050878","regulation of body fluid levels","33/810","365/18870",4.79349922626308e-05,0.00118481234446498,0.000951693649057377,"ADTRP/HBB/SLC4A1/FGF10/CD40/CTSG/KRT1/FGL1/FGG/F13A1/PLAU/FCER1G/TRPV4/VAMP8/ADM/PLAUR/IL6/KNG1/PRLR/SAA1/SELP/SERPINB2/TSPAN8/VIP/CD36/C4BPB/SPINK1/AVPR2/HNF4A/NPR3/THBS1/SLC22A2/SLC6A3",33
"BP","GO:0048246","macrophage chemotaxis","9/810","41/18870",4.80857090769676e-05,0.00118481234446498,0.000951693649057377,"LGALS3/TRPV4/STAP1/C5AR1/SAA1/TAFA4/TNFSF18/THBS1/CCL2",9
"BP","GO:1905517","macrophage migration","11/810","61/18870",4.99152722230092e-05,0.00122164763074496,0.000981281379281182,"LGALS3/CD200R1/TRPV4/STAP1/C5AR1/SAA1/CCR2/TAFA4/TNFSF18/THBS1/CCL2",11
"BP","GO:0043270","positive regulation of monoatomic ion transport","23/810","214/18870",5.02935534150149e-05,0.00122164763074496,0.000981281379281182,"GLRX/LGALS3/CXCL12/KCNE1/SCN1B/CAPN3/ATP2B1/CACNA2D1/TACR2/LILRA5/LEP/NOS1/CCR2/SNCA/BDKRB1/KCNC2/IFNG/FGF13/XCL1/CCL2/GAL/DRD1/MCHR1",23
"BP","GO:0006898","receptor-mediated endocytosis","26/810","258/18870",5.05692750773395e-05,0.00122164763074496,0.000981281379281182,"FCGR2B/FCGR1A/CXCR2/MSR1/CAV2/DAB2/CXCL8/CD14/FCER1G/ADM/LYVE1/RSPO1/DNM3/GREM1/DKK1/ITGA4/SNCA/CXCR1/CD36/SIGLEC1/SELE/GRIA1/HTR2B/SNAP91/SNAP25/SH3GL3",26
"BP","GO:0002921","negative regulation of humoral immune response","6/810","17/18870",5.05873864399951e-05,0.00122164763074496,0.000981281379281182,"FCGR2B/VSIG4/SVEP1/CR1/C4BPB/C4BPA",6
"BP","GO:0007416","synapse assembly","22/810","200/18870",5.12854550925334e-05,0.00123237425257008,0.00098989747609559,"IL1RAPL1/AMIGO2/GABRB2/EFNA5/LGI2/DNM3/SLITRK6/GABRA2/DKK1/SNCA/GRIA1/SLITRK4/CDH9/FGF13/NEGR1/GABRB3/LRFN5/DRD1/LINGO4/CBLN2/SLITRK1/SNAP25",22
"BP","GO:0006936","muscle contraction","32/810","351/18870",5.2947932813221e-05,0.00126605549692303,0.0010169517404209,"DSC2/KCNMA1/MYL4/ANKRD2/KCNE1/SCN1B/TRPV4/PTGS2/ATP2B1/CACNA2D1/TNNI2/PLN/TACR2/TRIM63/CALCA/TNNC2/TNNI3/MYOT/NOS1/LMOD2/KCNB2/SMPX/CHRNE/PTGER3/CHRM2/FGF13/HTR7/DRD1/HTR2B/TACR1/SCN1A/KCNJ3",32
"BP","GO:0002924","negative regulation of humoral immune response mediated by circulating immunoglobulin","5/810","11/18870",5.35751025421371e-05,0.00127477229284085,0.0010239534562233,"FCGR2B/SVEP1/CR1/C4BPB/C4BPA",5
"BP","GO:0035296","regulation of tube diameter","18/810","146/18870",5.52551210935488e-05,0.00130198231935964,0.00104580975232757,"HRH2/HBB/KCNMA1/FGG/PTGS2/ADM/ATP2B1/CALCA/NTS/KNG1/LEP/NPPC/NOS1/AVPR2/HTR7/DRD1/HTR2B/TACR1",18
"BP","GO:0097746","blood vessel diameter maintenance","18/810","146/18870",5.52551210935488e-05,0.00130198231935964,0.00104580975232757,"HRH2/HBB/KCNMA1/FGG/PTGS2/ADM/ATP2B1/CALCA/NTS/KNG1/LEP/NPPC/NOS1/AVPR2/HTR7/DRD1/HTR2B/TACR1",18
"BP","GO:0050868","negative regulation of T cell activation","17/810","133/18870",5.57956227082111e-05,0.00130836692089689,0.00105093814651011,"LGALS3/FCGR2B/IL10/CTSG/VSIG4/PTPN22/FGL1/GPNMB/LILRB2/PLA2G2A/CD80/CRTAM/CR1/XCL1/TNFSF18/CLEC4G/TBX21",17
"BP","GO:0002292","T cell differentiation involved in immune response","13/810","84/18870",5.69050915933583e-05,0.00132743824081494,0.00106625707370558,"JUNB/FCER1G/PTGER4/CD80/BATF/IL6/CLEC4D/SOCS3/PRKCZ/IFNG/TNFSF18/SLAMF6/TBX21",13
"BP","GO:1902105","regulation of leukocyte differentiation","30/810","321/18870",5.71558698661563e-05,0.00132743824081494,0.00106625707370558,"DCSTAMP/FOS/FCGR2B/IL10/CD28/JUNB/MAFB/SFRP1/LILRB2/VNN1/TNFSF9/LILRB3/TOX/IL36B/CD80/CRTAM/BATF/TNFRSF11B/CR1/CCR2/INHBA/PRKCZ/IL1RL2/IFNG/EGR3/TNFSF18/CLEC4G/LTF/TESPA1/TBX21",30
"BP","GO:2000403","positive regulation of lymphocyte migration","9/810","42/18870",5.88903357054758e-05,0.00136038891120982,0.00109272450873315,"CXCL12/TNFSF14/CCL20/S100A7/ITGA4/CCR2/CCL7/XCL1/XCL2",9
"BP","GO:0099174","regulation of presynapse organization","8/810","33/18870",5.94154201022832e-05,0.00136038891120982,0.00109272450873315,"IL1RAPL1/SLITRK6/DKK1/SNCA/SLITRK4/LRFN5/CBLN2/SLITRK1",8
"BP","GO:1905606","regulation of presynapse assembly","8/810","33/18870",5.94154201022832e-05,0.00136038891120982,0.00109272450873315,"IL1RAPL1/SLITRK6/DKK1/SNCA/SLITRK4/LRFN5/CBLN2/SLITRK1",8
"BP","GO:0044000","movement in host","21/810","188/18870",6.0273706261592e-05,0.0013720873596862,0.00110212121967291,"CD209/TRIM58/CH25H/FCN1/IFITM2/CAV2/GYPA/CXCL8/VAMP8/CLEC5A/ITGB6/CD80/CR1/KRT6A/ICAM1/CHMP4C/SIGLEC1/HS3ST5/RFPL2/CLEC4G/NECTIN4",21
"BP","GO:0035150","regulation of tube size","18/810","147/18870",6.0491696533343e-05,0.0013720873596862,0.00110212121967291,"HRH2/HBB/KCNMA1/FGG/PTGS2/ADM/ATP2B1/CALCA/NTS/KNG1/LEP/NPPC/NOS1/AVPR2/HTR7/DRD1/HTR2B/TACR1",18
"BP","GO:0050819","negative regulation of coagulation","10/810","52/18870",6.17379271736547e-05,0.00139384138837637,0.00111959501714182,"ADTRP/KRT1/FGG/PLAU/PLAUR/KNG1/SERPINB2/TSPAN8/HS3ST5/THBS1",10
"BP","GO:0002363","alpha-beta T cell lineage commitment","7/810","25/18870",6.3801328410747e-05,0.00143375763011929,0.00115165750698541,"TOX/BATF/IL6/SOCS3/TNFSF18/SLAMF6/TBX21",7
"BP","GO:0006874","intracellular calcium ion homeostasis","29/810","308/18870",6.61578897339108e-05,0.00147986357957789,0.0011886918436789,"CD40/CCL8/CXCL12/CAV2/FASLG/TRPV4/CAPN3/ATP2B1/PLN/PRKCB/ERC2/CALCA/TNNI3/NPPC/TPT1/NOS1/CCR2/SNCA/CCL13/MICU3/TUNAR/BDKRB1/GRIA1/SLC24A2/CNGB1/CCL7/XCL1/DRD1/HTR2B",29
"BP","GO:0046851","negative regulation of bone remodeling","6/810","18/18870",7.31325477978589e-05,0.00161509788693325,0.00129731801730548,"SFRP1/TNFRSF11B/GREM1/IL6/CALCA/HAMP",6
"BP","GO:0071371","cellular response to gonadotropin stimulus","6/810","18/18870",7.31325477978589e-05,0.00161509788693325,0.00129731801730548,"EFNA5/PAX8/EPHA8/GATA6/INHBA/CYP1B1",6
"BP","GO:0045058","T cell selection","10/810","53/18870",7.32017995725825e-05,0.00161509788693325,0.00129731801730548,"CD28/THEMIS/TOX/BATF/IL6/SOCS3/TNFSF18/SLAMF6/TBX21/CD3D",10
"BP","GO:0050901","leukocyte tethering or rolling","8/810","34/18870",7.47960425953866e-05,0.00164280538804528,0.00131957390699363,"GCNT1/CXCL12/CCL28/SELP/LEP/ITGA4/CCR2/SELE",8
"BP","GO:0002712","regulation of B cell mediated immunity","11/810","64/18870",7.89644950942559e-05,0.00171113240708713,0.00137445718904663,"CD40/FCGR2B/IL10/CD28/FCGR1A/SVEP1/CR1/C4BPB/XCL1/C4BPA/TBX21",11
"BP","GO:0002820","negative regulation of adaptive immune response","11/810","64/18870",7.89644950942559e-05,0.00171113240708713,0.00137445718904663,"FCGR2B/SVEP1/CD80/CR1/C4BPB/XCL1/TNFSF18/CLEC4G/KLRC1/C4BPA/TBX21",11
"BP","GO:0002889","regulation of immunoglobulin mediated immune response","11/810","64/18870",7.89644950942559e-05,0.00171113240708713,0.00137445718904663,"CD40/FCGR2B/IL10/CD28/FCGR1A/SVEP1/CR1/C4BPB/XCL1/C4BPA/TBX21",11
"BP","GO:0010466","negative regulation of peptidase activity","17/810","137/18870",8.12956088516963e-05,0.00175381726829393,0.00140874355642893,"HGF/CSTA/SPOCK1/SERPINI1/CST7/PLAUR/CST1/KNG1/CR1/SERPINB2/SNCA/SERPINA3/SPOCK3/SFN/LTF/THBS1/MAGEA3",17
"BP","GO:2001237","negative regulation of extrinsic apoptotic signaling pathway","14/810","99/18870",8.26288091505622e-05,0.00177469132573818,0.00142551052209447,"LGALS3/FGF10/IL1A/IGF1/HGF/FGG/SCG2/HMOX1/IL1B/ICAM1/BMP5/THBS1/SFRP2/PAK5",14
"BP","GO:0043369","CD4-positive or CD8-positive, alpha-beta T cell lineage commitment","7/810","26/18870",8.40903691052416e-05,0.00178526989872727,0.00143400769953935,"TOX/BATF/IL6/SOCS3/TNFSF18/SLAMF6/TBX21",7
"BP","GO:1901623","regulation of lymphocyte chemotaxis","7/810","26/18870",8.40903691052416e-05,0.00178526989872727,0.00143400769953935,"TNFSF14/S100A7/CCR2/CCL7/XCL1/XCL2/CCL2",7
"BP","GO:0050708","regulation of protein secretion","26/810","266/18870",8.42247232815295e-05,0.00178526989872727,0.00143400769953935,"ADTRP/ACSL4/PPARG/IL1A/IGF1/CCN3/TRH/HCAR2/FGG/SFRP1/PCSK1/IL1B/PRKCB/EFNA5/IL6/SAA1/ANKRD1/SYT4/OR51E2/LEP/GPR27/RBP4/TUNAR/IFNG/HNF4A/SNAP25",26
"BP","GO:0070372","regulation of ERK1 and ERK2 cascade","29/810","313/18870",8.80835711449787e-05,0.00185894632320751,0.00149318786050801,"FGF10/CCL8/IL1A/IGF1/PTPN22/GPNMB/FGG/FPR2/DAB2/TRPV4/PLA2G2A/IL1B/C5AR1/CCL24/NLRP12/CCL20/S100A7/GPBAR1/ICAM1/CCL13/CD36/INHBA/PRKCZ/CCL7/XCL1/XCL2/CCL2/HTR2B/RPS6KA6",29
"BP","GO:0050764","regulation of phagocytosis","14/810","100/18870",9.23512962251123e-05,0.0019405765882108,0.00155875689777998,"FCGR2B/FCGR1A/FCN1/FPR2/FCER1G/IL1B/STAP1/SIRPB1/CD300LF/CD36/IFNG/PRTN3/CCL2/SIRPG",14
"BP","GO:2000406","positive regulation of T cell migration","8/810","35/18870",9.33395742199767e-05,0.00195288919510244,0.00156864692790741,"CXCL12/TNFSF14/CCL20/S100A7/ITGA4/CCR2/XCL1/XCL2",8
"BP","GO:1903531","negative regulation of secretion by cell","18/810","152/18870",9.38272471901229e-05,0.00195466720111956,0.00157007510093614,"ADTRP/FCGR2B/CCN3/TRH/IL13RA2/IL1RAPL1/SFRP1/VAMP8/STXBP6/OSM/IL1B/TACR2/SYT4/LEP/CCR2/SNCA/CRHBP/INHBA",18
"BP","GO:0032355","response to estradiol","15/810","113/18870",9.75856188006809e-05,0.00202427604127566,0.00162598799837032,"NQO1/FGF10/IL10/ASS1/SFRP1/PTGS2/LEP/AREG/CRHBP/PTGFR/TH/GRIA1/CYP1B1/HTR5A/TACR1",15
"BP","GO:2000027","regulation of animal organ morphogenesis","16/810","126/18870",9.90399733154981e-05,0.00204570225733374,0.00164319848224235,"FGF10/HGF/WNT2/DAB2/SFRP1/PRKCB/FGF7/PAX8/RSPO3/TNFRSF11B/GREM1/NTN4/DKK1/TACSTD2/DMRT3/SFRP2",16
"BP","GO:0035743","CD4-positive, alpha-beta T cell cytokine production","6/810","19/18870",0.000103017609163971,0.00211884523255048,0.00170195015318175,"IL1R1/IL1B/IL6/PRKCZ/XCL1/TBX21",6
"BP","GO:0045580","regulation of T cell differentiation","20/810","181/18870",0.000104134336575157,0.00212381541905803,0.00170594242668899,"CD28/JUNB/LILRB2/VNN1/TNFSF9/TOX/IL36B/CD80/CRTAM/BATF/CR1/CCR2/PRKCZ/IL1RL2/IFNG/EGR3/TNFSF18/CLEC4G/TESPA1/TBX21",20
"BP","GO:0046631","alpha-beta T cell activation","20/810","181/18870",0.000104134336575157,0.00212381541905803,0.00170594242668899,"PTPN22/CD28/JUNB/NKG7/TOX/PTGER4/CD80/CRTAM/BATF/IL6/CCR2/SOCS3/PRKCZ/IFNG/XCL1/TNFSF18/CLEC4G/SLAMF6/TBX21/CD3D",20
"BP","GO:0060669","embryonic placenta morphogenesis","7/810","27/18870",0.00010934217117063,0.00222069832159933,0.001783763056666,"IL10/ADM/RSPO3/SOCS3/GJB5/BMP5/ST14",7
"BP","GO:0043588","skin development","29/810","317/18870",0.000110107811138909,0.00222693048028443,0.00178876900201104,"FGF10/TCHH/IL1A/KRT1/SNAI1/CSTA/KRT17/MAFB/ITGB6/ZFP36/KRT36/FGF7/S100A7/KRT14/KRT86/EREG/KRT6A/DKK1/GATA6/ALOX15B/KRT81/INHBA/SFN/MET/FLG2/KRT16/GAL/KLK5/ST14",29
"BP","GO:0051701","biological process involved in interaction with host","22/810","211/18870",0.000114011961756645,0.0022963239102355,0.00184450887244644,"CD209/TRIM58/CH25H/FCN1/IFITM2/CAV2/GYPA/CXCL8/VAMP8/CLEC5A/ITGB6/CD80/CR1/KRT6A/ICAM1/CHMP4C/SIGLEC1/HS3ST5/RFPL2/CLEC4G/NECTIN4/LTF",22
"BP","GO:0010951","negative regulation of endopeptidase activity","16/810","128/18870",0.000119588935906092,0.00239869708631475,0.00192673953282368,"HGF/SPOCK1/SERPINI1/CST7/PLAUR/CST1/KNG1/CR1/SERPINB2/SNCA/SERPINA3/SPOCK3/SFN/LTF/THBS1/MAGEA3",16
"BP","GO:0045807","positive regulation of endocytosis","18/810","155/18870",0.000120815759161112,0.00241333207805777,0.0019384950051235,"FCGR2B/FCGR1A/FCN1/FPR2/DAB2/CD14/FCER1G/IL1B/STAP1/GREM1/SIRPB1/CD300LF/SNCA/CD36/SELE/IFNG/CCL2/SIRPG",18
"BP","GO:0002764","immune response-regulating signaling pathway","40/810","500/18870",0.00012284359475502,0.00244378200385601,0.001962953731547,"LGALS3/CD200R1/FPR3/CD40/LY96/FCGR2B/LACC1/FCGR3A/PTPN22/CD28/C5AR2/GCSAM/FCGR1A/FCN1/FPR2/LILRB2/FBXL2/CLEC12B/THEMIS/CD14/FCER1G/SKAP1/STAP1/C5AR1/PRKCB/CR1/CLEC4D/CD300LF/FPR1/CD36/FCER1A/TNIP3/CD8B/TRAT1/TREML4/TLR8/LTF/TESPA1/KLRC1/CD3D",40
"BP","GO:0060711","labyrinthine layer development","9/810","46/18870",0.000124776139909535,0.00247209544130973,0.00198569633608987,"IL10/JUNB/WNT2/ADM/RSPO3/SOCS3/GJB5/BMP5/ST14",9
"BP","GO:0052548","regulation of endopeptidase activity","27/810","288/18870",0.000125361532119997,0.00247359706061164,0.00198690250309143,"FAS/PERP/LGMN/PPARG/S100A8/S100A9/HGF/FASLG/SPOCK1/SERPINI1/CST7/PLAUR/NLRP12/CST1/KNG1/CR1/SERPINB2/GRIN2A/SNCA/SERPINA3/SPOCK3/SFN/LTF/THBS1/MAGEA3/SLC22A2/ST18",27
"BP","GO:0002791","regulation of peptide secretion","21/810","198/18870",0.000127134581415958,0.00249842614653061,0.00200684632245774,"ACSL4/S100A8/CCN3/TRH/FGG/SFRP1/IL1B/PRKCB/EFNA5/PAX8/IL6/LEP/GPR27/CRHBP/GRP/RBP4/TUNAR/IFNG/SPINK1/HNF4A/SNAP25",21
"BP","GO:1903706","regulation of hemopoiesis","35/810","417/18870",0.000128003667679691,0.00250536210853718,0.00201241759374184,"DCSTAMP/FOS/FCGR2B/IL10/CD28/JUNB/MAFB/SFRP1/LILRB2/VNN1/SIGLEC15/TNFSF9/ZFP36/LILRB3/TOX/IL36B/CD80/CRTAM/BATF/TNFRSF11B/CR1/CCR2/INHBA/PRKCZ/IL1RL2/IFNG/EGR3/LOX/TNFSF18/CLEC4G/GPR171/LTF/TESPA1/TBX21/CSF3",35
"BP","GO:0009410","response to xenobiotic stimulus","36/810","434/18870",0.000130362811255197,0.00253113211849942,0.00203311720489274,"NQO1/FOS/IL10/ASS1/SEMA3C/SFRP1/PTGS2/PCSK1/IL1B/PRKCB/NR1I2/TNFRSF11B/S100A12/ANKRD1/NPPC/GRIN2A/NOS1/MAS1/GATA6/SNCA/CRHBP/GSTA1/CCNO/RAB6C/TH/GRIA1/CYP26A1/CYP1B1/LOX/HNF4A/THBS1/GAL/DRD1/SFRP2/HTR2B/SLC6A3",36
"BP","GO:0070371","ERK1 and ERK2 cascade","30/810","336/18870",0.00013036321170681,0.00253113211849942,0.00203311720489274,"FGF10/CCL8/IL1A/IGF1/PTPN22/GPNMB/FGG/FPR2/DAB2/TRPV4/PLA2G2A/IL1B/C5AR1/PTGER4/CCL24/NLRP12/CCL20/S100A7/GPBAR1/ICAM1/CCL13/CD36/INHBA/PRKCZ/CCL7/XCL1/XCL2/CCL2/HTR2B/RPS6KA6",30
"BP","GO:0046718","viral entry into host cell","18/810","156/18870",0.000131216774638137,0.00253755467766341,0.00203827608831897,"CD209/TRIM58/CH25H/FCN1/IFITM2/CAV2/GYPA/VAMP8/CLEC5A/ITGB6/CD80/CR1/ICAM1/SIGLEC1/HS3ST5/RFPL2/CLEC4G/NECTIN4",18
"BP","GO:0045916","negative regulation of complement activation","5/810","13/18870",0.000138888023579082,0.00263801109629977,0.00211896712438886,"VSIG4/SVEP1/CR1/C4BPB/C4BPA",5
"BP","GO:0051610","serotonin uptake","5/810","13/18870",0.000138888023579082,0.00263801109629977,0.00211896712438886,"SLC18A2/SLC18A3/NOS1/SNCA/SLC22A2",5
"BP","GO:0060670","branching involved in labyrinthine layer morphogenesis","5/810","13/18870",0.000138888023579082,0.00263801109629977,0.00211896712438886,"IL10/ADM/RSPO3/SOCS3/ST14",5
"BP","GO:1903238","positive regulation of leukocyte tethering or rolling","5/810","13/18870",0.000138888023579082,0.00263801109629977,0.00211896712438886,"GCNT1/SELP/ITGA4/CCR2/SELE",5
"BP","GO:0001963","synaptic transmission, dopaminergic","7/810","28/18870",0.000140425199982668,0.00263801109629977,0.00211896712438886,"PTGS2/SNCA/CRHBP/TH/DRD1/SLC6A3/CNTNAP4",7
"BP","GO:0007210","serotonin receptor signaling pathway","7/810","28/18870",0.000140425199982668,0.00263801109629977,0.00211896712438886,"HRH2/HTR3A/HTR6/CHRM2/HTR5A/HTR7/HTR2B",7
"BP","GO:0034698","response to gonadotropin","7/810","28/18870",0.000140425199982668,0.00263801109629977,0.00211896712438886,"EFNA5/PAX8/EPHA8/MAS1/GATA6/INHBA/CYP1B1",7
"BP","GO:0050817","coagulation","23/810","229/18870",0.00014163839795035,0.00263801109629977,0.00211896712438886,"ADTRP/HBB/SLC4A1/CD40/CTSG/KRT1/FGL1/FGG/F13A1/PLAU/FCER1G/PLAUR/IL6/KNG1/SAA1/SELP/SERPINB2/TSPAN8/CD36/C4BPB/HS3ST5/HNF4A/THBS1",23
"BP","GO:0002295","T-helper cell lineage commitment","6/810","20/18870",0.000141846084906106,0.00263801109629977,0.00211896712438886,"BATF/IL6/SOCS3/TNFSF18/SLAMF6/TBX21",6
"BP","GO:0140131","positive regulation of lymphocyte chemotaxis","6/810","20/18870",0.000141846084906106,0.00263801109629977,0.00211896712438886,"TNFSF14/S100A7/CCR2/CCL7/XCL1/XCL2",6
"BP","GO:0090087","regulation of peptide transport","21/810","200/18870",0.000146527176050156,0.00271466760514297,0.00218054102085085,"ACSL4/S100A8/CCN3/TRH/FGG/SFRP1/IL1B/PRKCB/EFNA5/PAX8/IL6/LEP/GPR27/CRHBP/GRP/RBP4/TUNAR/IFNG/SPINK1/HNF4A/SNAP25",21
"BP","GO:0002920","regulation of humoral immune response","9/810","47/18870",0.000148517294910335,0.00271573373750509,0.00218139738549191,"FCGR2B/VSIG4/SVEP1/IL1B/CR1/GATA6/C4BPB/C4BPA/KLK5",9
"BP","GO:0014075","response to amine","9/810","47/18870",0.000148517294910335,0.00271573373750509,0.00218139738549191,"NQO1/ASS1/HPRT1/SLC18A2/GRIN2A/TH/KCNC2/GRIA1/DRD1",9
"BP","GO:0140353","lipid export from cell","9/810","47/18870",0.000148517294910335,0.00271573373750509,0.00218139738549191,"IL1A/SPP1/DAB2/SELENOM/PTGS2/IL1B/LEP/INHBA/GAL",9
"BP","GO:0030100","regulation of endocytosis","27/810","291/18870",0.000148822656402215,0.00271573373750509,0.00218139738549191,"LGALS3/FCGR2B/FCGR1A/FCN1/FPR2/DAB2/CD14/FCER1G/IL1B/STAP1/RSPO1/GREM1/SIRPB1/SYT4/DKK1/CD300LF/SNCA/CD36/SELE/IFNG/RIT2/PRTN3/CCL2/CD177/SIRPG/SNAP91/SH3GL3",27
"BP","GO:0018108","peptidyl-tyrosine phosphorylation","26/810","276/18870",0.000153718530752133,0.00279420589317975,0.00224442968974862,"FGF10/CD40/IGF1/FLT3/HGF/FCGR1A/SFRP1/OSM/EFNA5/CD80/FGF7/GREM1/IL6/LILRA5/PRLR/LEP/AREG/SOCS3/CD36/CRLF1/PRKCZ/IFNG/SPINK1/TNFSF18/SFRP2/CSF3",26
"BP","GO:0051048","negative regulation of secretion","19/810","172/18870",0.000154274243793196,0.00279420589317975,0.00224442968974862,"ADTRP/FCGR2B/CCN3/TRH/IL13RA2/IL1RAPL1/SFRP1/VAMP8/STXBP6/OSM/IL1B/TACR2/SYT4/LEP/CCR2/SNCA/CRHBP/INHBA/PTGER3",19
"BP","GO:0007599","hemostasis","23/810","231/18870",0.000161225600778126,0.00290171294165578,0.00233078410337498,"ADTRP/HBB/SLC4A1/CD40/CTSG/KRT1/FGL1/FGG/F13A1/PLAU/FCER1G/PLAUR/IL6/KNG1/SAA1/SELP/SERPINB2/TSPAN8/CD36/C4BPB/AVPR2/HNF4A/THBS1",23
"BP","GO:0061756","leukocyte adhesion to vascular endothelial cell","10/810","58/18870",0.000161405540635983,0.00290171294165578,0.00233078410337498,"GCNT1/CXCL12/LRG1/CCL28/IL6/SELP/LEP/ITGA4/CCR2/SELE",10
"BP","GO:0042060","wound healing","35/810","423/18870",0.000168837919227442,0.00302413011044283,0.00242911498472887,"ADTRP/HBB/SLC4A1/PPARG/FGF10/CD40/JAML/IL1A/IGF1/CTSG/KRT1/FGL1/FGG/F13A1/LRG1/HMOX1/PLAU/FCER1G/ITGB6/PLAUR/IL6/TMEFF2/KNG1/SAA1/EREG/SELP/SERPINB2/TSPAN8/KRT6A/CHMP4C/CD36/C4BPB/HNF4A/TRIM72/THBS1",35
"BP","GO:0018212","peptidyl-tyrosine modification","26/810","278/18870",0.000172585430462516,0.00306569656444687,0.00246250299800733,"FGF10/CD40/IGF1/FLT3/HGF/FCGR1A/SFRP1/OSM/EFNA5/CD80/FGF7/GREM1/IL6/LILRA5/PRLR/LEP/AREG/SOCS3/CD36/CRLF1/PRKCZ/IFNG/SPINK1/TNFSF18/SFRP2/CSF3",26
"BP","GO:0002369","T cell cytokine production","8/810","38/18870",0.000173053328936638,0.00306569656444687,0.00246250299800733,"IL1R1/IL1B/IL6/CCR2/PRKCZ/XCL1/CLC/TBX21",8
"BP","GO:0002724","regulation of T cell cytokine production","8/810","38/18870",0.000173053328936638,0.00306569656444687,0.00246250299800733,"IL1R1/IL1B/IL6/CCR2/PRKCZ/XCL1/CLC/TBX21",8
"BP","GO:0035710","CD4-positive, alpha-beta T cell activation","15/810","119/18870",0.000175881594965447,0.00309373740197386,0.00248502663823893,"CD28/JUNB/NKG7/TOX/PTGER4/CD80/BATF/IL6/SOCS3/PRKCZ/IFNG/XCL1/TNFSF18/SLAMF6/TBX21",15
"BP","GO:0030195","negative regulation of blood coagulation","9/810","48/18870",0.000175910902955251,0.00309373740197386,0.00248502663823893,"ADTRP/KRT1/FGG/PLAU/PLAUR/KNG1/SERPINB2/TSPAN8/THBS1",9
"BP","GO:0050806","positive regulation of synaptic transmission","19/810","174/18870",0.000179564839603126,0.00314659830842445,0.00252748685498757,"LGMN/LILRB2/KMO/PTGS2/NPS/TACR2/NSG1/SLC18A3/GRIN2A/CCR2/SNCA/PRKCZ/GRIA1/SLC24A2/RIMS2/CCL2/DRD1/TACR1/SNAP25",19
"BP","GO:0090026","positive regulation of monocyte chemotaxis","6/810","21/18870",0.000191409209450232,0.00334208741968139,0.00268451235063862,"LGMN/CXCL12/FPR2/S100A7/CCR2/TNFSF18",6
"BP","GO:0015711","organic anion transport","36/810","443/18870",0.000195088355398882,0.00338237727613097,0.00271687494433004,"FOLR2/SLC38A4/SLC4A1/PPARG/AQP9/IL1A/PLA2G2C/TRH/SLC2A3/KMO/RBP7/PTGS2/PLA2G2A/IL1B/SLCO3A1/CES1/CR1/SLC16A7/SLC2A14/SYT4/SLC7A14/LEP/SLC17A3/SLC27A2/FABP5P3/SLC6A15/SNCA/CD36/SLC17A6/FABP4/SLCO4C1/THBS1/FOLR3/SLC22A2/FABP6/SLC39A12",36
"BP","GO:0072593","reactive oxygen species metabolic process","23/810","234/18870",0.000195110349673809,0.00338237727613097,0.00271687494433004,"HBG1/HBG2/NQO1/HBD/HBB/HBA1/HBA2/FPR2/SLC18A2/ACP5/HBM/MPO/NOX5/LEP/SNCA/CD36/HBZ/CYP1B1/GPX3/TAFA4/THBS1/CD177/MMP3",23
"BP","GO:0052547","regulation of peptidase activity","28/810","312/18870",0.000198253807563049,0.0034246405050215,0.00275082263799788,"FAS/PERP/LGMN/PPARG/S100A8/S100A9/HGF/CSTA/FASLG/SPOCK1/SERPINI1/CST7/PLAUR/NLRP12/CST1/KNG1/CR1/SERPINB2/GRIN2A/SNCA/SERPINA3/SPOCK3/SFN/LTF/THBS1/MAGEA3/SLC22A2/ST18",28
"BP","GO:0000302","response to reactive oxygen species","21/810","205/18870",0.000206873216303409,0.00352513954475528,0.00283154790921726,"NQO1/HBB/FOS/MAPK13/IL1A/HGF/HBA1/HBA2/HMOX1/MPO/IL6/S100A7/STK26/PTPRN/AREG/CRYGD/CD36/MET/CYP1B1/TACR1/MMP3",21
"BP","GO:0048002","antigen processing and presentation of peptide antigen","11/810","71/18870",0.000206989459096277,0.00352513954475528,0.00283154790921726,"CD209/LGMN/FCGR2B/FCGR1A/IFI30/HLA-DQB2/HLA-DQA2/HLA-DPA1/FCER1G/HLA-DMB/HLA-DMA",11
"BP","GO:1900047","negative regulation of hemostasis","9/810","49/18870",0.000207384298592956,0.00352513954475528,0.00283154790921726,"ADTRP/KRT1/FGG/PLAU/PLAUR/KNG1/SERPINB2/TSPAN8/THBS1",9
"BP","GO:2000404","regulation of T cell migration","9/810","49/18870",0.000207384298592956,0.00352513954475528,0.00283154790921726,"CD200R1/CXCL12/TNFSF14/CCL20/S100A7/ITGA4/CCR2/XCL1/XCL2",9
"BP","GO:0034116","positive regulation of heterotypic cell-cell adhesion","5/810","14/18870",0.000208429140779721,0.00352513954475528,0.00283154790921726,"IL10/FGG/SKAP1/IL1B/CEACAM6",5
"BP","GO:0035630","bone mineralization involved in bone maturation","5/810","14/18870",0.000208429140779721,0.00352513954475528,0.00283154790921726,"SNX10/IGF1/GREM1/LEP/LTF",5
"BP","GO:0044060","regulation of endocrine process","8/810","39/18870",0.000209605452759542,0.00353272523505145,0.00283764107098444,"SPP1/DAB2/TACR2/OR51E2/LEP/CRHBP/INHBA/GAL",8
"BP","GO:0045471","response to ethanol","15/810","121/18870",0.000211958571925308,0.00356002390354826,0.00285956856824383,"NQO1/FOS/S100A8/CD14/PRKCB/LEP/NPPC/GRIN2A/CRHBP/TH/KCNC2/SPINK1/SLC6A3/TACR1/CSF3",15
"BP","GO:0002700","regulation of production of molecular mediator of immune response","20/810","191/18870",0.000216734612984193,0.00362768900491473,0.00291392016876025,"CD40/FCGR2B/LACC1/IL10/PTPN22/CD28/IL13RA2/IL1R1/ACP5/IL1B/IL6/CR1/CCR2/RBP4/CD36/PRKCZ/XCL1/CLC/TBX21/KLK5",20
"BP","GO:0007263","nitric oxide mediated signal transduction","7/810","30/18870",0.000224018670525618,0.00372887826883402,0.00299519985855642,"GUCY1B1/NOS1/FPR1/CD36/KCNC2/SPINK1/THBS1",7
"BP","GO:0030216","keratinocyte differentiation","19/810","177/18870",0.000224316533683464,0.00372887826883402,0.00299519985855642,"TCHH/IL1A/KRT1/CSTA/KRT17/MAFB/ZFP36/KRT36/S100A7/KRT14/KRT86/EREG/KRT6A/ALOX15B/KRT81/SFN/KRT16/KLK5/ST14",19
"BP","GO:0070664","negative regulation of leukocyte proliferation","13/810","96/18870",0.000228769681430275,0.00378992502956503,0.00304423531531431,"FCGR2B/IL10/VSIG4/GPNMB/LILRB2/PLA2G2A/CD80/CRTAM/GREM1/CR1/XCL1/CLEC4G/GAL",13
"BP","GO:0001818","negative regulation of cytokine production","32/810","381/18870",0.000242446520143276,0.00400284152644716,0.00321525925746758,"CD200R1/FCGR2B/RBX1/IL10/IGF1/VSIG4/PTPN22/C5AR2/HGF/SRGN/GPNMB/ACP5/ZFP36/ATP2B1/PTGER4/IL1R2/NLRP12/IL6/LILRA5/CR1/IL36RN/GATA6/SIGLEC1/INHBA/IFNG/XCL1/TLR8/LTF/THBS1/TBX21/ORM1/BPI",32
"BP","GO:1902041","regulation of extrinsic apoptotic signaling pathway via death domain receptors","9/810","50/18870",0.000243398013009235,0.00400492866151467,0.00321693573661448,"LGALS3/HGF/FGG/SFRP1/HMOX1/ICAM1/BMP5/THBS1/SFRP2",9
"BP","GO:0019755","one-carbon compound transport","10/810","61/18870",0.000248395525120676,0.00407335094235055,0.00327189553715144,"HBG1/HBG2/HBD/HBB/SLC4A1/AQP9/HBA1/HBA2/HBZ/SLC39A12",10
"BP","GO:0006887","exocytosis","30/810","349/18870",0.000252693496770239,0.0041169877456574,0.00330694654650858,"FCGR2B/FCGR3A/CCL8/SYTL2/FGG/IL13RA2/IL1RAPL1/SLC18A2/NKG7/VAMP8/STXBP6/PRKCB/ERC2/SYTL5/SYT4/PTGDS/CCR2/SNCA/CRHBP/GRP/FCER1A/UNC13C/IFNG/RAB3C/RIMS2/TRIM72/CD177/CPLX3/NAPB/SNAP25",30
"BP","GO:0019724","B cell mediated immunity","21/810","208/18870",0.000252752852947241,0.0041169877456574,0.00330694654650858,"CD40/FCGR2B/FCGR3A/IL10/CD28/FCGR1A/SVEP1/IL13RA2/FCER1G/IL21R/BATF/CR1/CD70/IGLL5/C6/FCER1A/C4BPB/XCL1/TLR8/C4BPA/TBX21",21
"BP","GO:0030449","regulation of complement activation","6/810","22/18870",0.000253686048507919,0.00411836815872053,0.00330805535530129,"VSIG4/SVEP1/IL1B/CR1/C4BPB/C4BPA",6
"BP","GO:0015718","monocarboxylic acid transport","19/810","179/18870",0.000259315757528365,0.00419572895680894,0.00337019496801777,"PPARG/AQP9/IL1A/PLA2G2C/RBP7/PTGS2/PLA2G2A/IL1B/SLCO3A1/CES1/SLC16A7/LEP/SLC27A2/FABP5P3/CD36/FABP4/THBS1/SLC22A2/FABP6",19
"BP","GO:0034103","regulation of tissue remodeling","12/810","85/18870",0.000266046754062137,0.00423530384831139,0.00340198327025901,"DCSTAMP/PPARG/SPP1/GPNMB/SFRP1/SIGLEC15/TNFRSF11B/GREM1/IL6/CALCA/LEP/HAMP",12
"BP","GO:0006809","nitric oxide biosynthetic process","11/810","73/18870",0.000266124366241239,0.00423530384831139,0.00340198327025901,"NQO1/HBB/IL10/ASS1/PTGS2/ACP5/IL1B/NOS1/CD36/IFNG/CYP1B1",11
"BP","GO:0045109","intermediate filament organization","11/810","73/18870",0.000266124366241239,0.00423530384831139,0.00340198327025901,"TCHH/KRT1/KRT17/KRT36/KRT14/KRT86/KRT6A/BFSP1/KRT81/KRT15/KRT16",11
"BP","GO:0050818","regulation of coagulation","11/810","73/18870",0.000266124366241239,0.00423530384831139,0.00340198327025901,"ADTRP/KRT1/FGG/PLAU/PLAUR/KNG1/SERPINB2/TSPAN8/CD36/HS3ST5/THBS1",11
"BP","GO:0072678","T cell migration","11/810","73/18870",0.000266124366241239,0.00423530384831139,0.00340198327025901,"CD200R1/CXCL12/TNFSF14/CCL20/S100A7/ICAM1/ITGA4/CCR2/XCL1/XCL2/CCL2",11
"BP","GO:0007596","blood coagulation","22/810","224/18870",0.00026933554922698,0.00427240116322797,0.00343178147346657,"ADTRP/HBB/SLC4A1/CD40/CTSG/KRT1/FGL1/FGG/F13A1/PLAU/FCER1G/PLAUR/IL6/KNG1/SAA1/SELP/SERPINB2/TSPAN8/CD36/C4BPB/HNF4A/THBS1",22
"BP","GO:0007271","synaptic transmission, cholinergic","7/810","31/18870",0.000278731875480698,0.00440705056541794,0.00353993782540889,"NQO1/TACR2/SLC18A3/CHRNA6/CHRNE/CHRNA2/TACR1",7
"BP","GO:0001938","positive regulation of endothelial cell proliferation","14/810","111/18870",0.000284461464075351,0.00445436006030048,0.00357793890298896,"FGF10/IL10/CXCL12/CAV2/LRG1/SCG2/HMOX1/CCL24/FGF7/ITGA4/VIP/EGR3/HTR2B/PPP1R16B",14
"BP","GO:0031341","regulation of cell killing","14/810","111/18870",0.000284461464075351,0.00445436006030048,0.00357793890298896,"FCGR2B/CLEC12B/STAP1/CRTAM/CR1/LEP/ICAM1/CXCL6/IFNG/XCL1/SLAMF6/KLRC1/CD1C/DNASE1L3",14
"BP","GO:0090276","regulation of peptide hormone secretion","20/810","195/18870",0.000285596369470312,0.00445436006030048,0.00357793890298896,"ACSL4/CCN3/TRH/FGG/SFRP1/IL1B/PRKCB/EFNA5/PAX8/IL6/LEP/GPR27/CRHBP/GRP/RBP4/TUNAR/IFNG/SPINK1/HNF4A/SNAP25",20
"BP","GO:2000116","regulation of cysteine-type endopeptidase activity","20/810","195/18870",0.000285596369470312,0.00445436006030048,0.00357793890298896,"FAS/PERP/LGMN/PPARG/S100A8/S100A9/HGF/FASLG/CST7/PLAUR/NLRP12/CST1/GRIN2A/SNCA/SFN/LTF/THBS1/MAGEA3/SLC22A2/ST18",20
"BP","GO:0051051","negative regulation of transport","37/810","469/18870",0.000286312389537237,0.00445436006030048,0.00357793890298896,"LGALS3/ADTRP/FCGR2B/CCN3/TRH/IL13RA2/IL1RAPL1/SFRP1/LILRB2/KCNE1/PTGS2/VAMP8/STXBP6/OSM/IL1B/PLN/TACR2/PRKCB/SYT4/LEP/NOS1/CD300LF/CCR2/SNCA/CRHBP/VIP/SIAH3/GRP/CD36/INHBA/PTGER3/SPINK1/TRAT1/THBS1/PRTN3/HAMP/SH3GL3",37
"BP","GO:0042445","hormone metabolic process","23/810","241/18870",0.000299701989048396,0.00463513893088962,0.00372314848307748,"CTSG/SPP1/CPA3/DAB2/SELENOM/ADH4/LRAT/ADM/PCSK1/AKR1B10/DIO3/PAX8/LEP/SDR16C5/GCNT4/RBP4/CYP26A1/CYP1B1/BMP5/GAL/EGR1/AFP/KLK6",23
"BP","GO:0010820","positive regulation of T cell chemotaxis","5/810","15/18870",0.000301630317552324,0.00463513893088962,0.00372314848307748,"TNFSF14/S100A7/CCR2/XCL1/XCL2",5
"BP","GO:0030728","ovulation","5/810","15/18870",0.000301630317552324,0.00463513893088962,0.00372314848307748,"EREG/GPR149/LEP/INHBA/AFP",5
"BP","GO:1904994","regulation of leukocyte adhesion to vascular endothelial cell","8/810","41/18870",0.000301751936992402,0.00463513893088962,0.00372314848307748,"GCNT1/CXCL12/CCL28/IL6/SELP/ITGA4/CCR2/SELE",8
"BP","GO:0002709","regulation of T cell mediated immunity","13/810","99/18870",0.000311613507866221,0.00477152040120706,0.00383269610870491,"FCGR2B/IL1R1/IL1B/CD80/IL6/CCR2/PRKCZ/XCL1/CLEC4G/CLC/KLRC1/TBX21/CD1C",13
"BP","GO:0032623","interleukin-2 production","10/810","63/18870",0.000325874636312626,0.00495860653498899,0.003982971961399,"IL1A/VSIG4/CD28/ZFP36/IL1B/CD80/CR1/CCR2/XCL1/TBX21",10
"BP","GO:0032663","regulation of interleukin-2 production","10/810","63/18870",0.000325874636312626,0.00495860653498899,0.003982971961399,"IL1A/VSIG4/CD28/ZFP36/IL1B/CD80/CR1/CCR2/XCL1/TBX21",10
"BP","GO:0002689","negative regulation of leukocyte chemotaxis","6/810","23/18870",0.000330841721904541,0.00495977244762383,0.00398390847396584,"DUSP1/CCN3/C5AR2/STAP1/GREM1/CCL2",6
"BP","GO:0098664","G protein-coupled serotonin receptor signaling pathway","6/810","23/18870",0.000330841721904541,0.00495977244762383,0.00398390847396584,"HRH2/HTR6/CHRM2/HTR5A/HTR7/HTR2B",6
"BP","GO:0006968","cellular defense response","9/810","52/18870",0.000331060212820379,0.00495977244762383,0.00398390847396584,"LY96/GNLY/CXCR2/LILRB2/CLEC5A/C5AR1/CCR2/IL1RL2/TRAT1",9
"BP","GO:0060688","regulation of morphogenesis of a branching structure","9/810","52/18870",0.000331060212820379,0.00495977244762383,0.00398390847396584,"FGF10/HGF/WNT2/SFRP1/FGF7/PAX8/GREM1/NTN4/TACSTD2",9
"BP","GO:0099172","presynapse organization","9/810","52/18870",0.000331060212820379,0.00495977244762383,0.00398390847396584,"IL1RAPL1/C5AR1/SLITRK6/DKK1/SNCA/SLITRK4/LRFN5/CBLN2/SLITRK1",9
"BP","GO:0044403","biological process involved in symbiotic interaction","28/810","322/18870",0.000332762876679502,0.00496994154893016,0.00399207674565466,"CD209/TRIM58/CCL8/CTSG/CAMP/CH25H/FCN1/IFITM2/CAV2/GYPA/CXCL8/FBXL2/VAMP8/CLEC5A/ITGB6/CD80/CR1/KRT6A/ICAM1/CXCL6/CHMP4C/SIGLEC1/HS3ST5/TREM1/RFPL2/CLEC4G/NECTIN4/LTF",28
"BP","GO:0002294","CD4-positive, alpha-beta T cell differentiation involved in immune response","11/810","75/18870",0.00033890985979074,0.00504622226817255,0.00405334879129771,"JUNB/PTGER4/CD80/BATF/IL6/SOCS3/PRKCZ/IFNG/TNFSF18/SLAMF6/TBX21",11
"BP","GO:0002360","T cell lineage commitment","7/810","32/18870",0.000343684427742844,0.00510166425768736,0.0040978822480589,"TOX/BATF/IL6/SOCS3/TNFSF18/SLAMF6/TBX21",7
"BP","GO:0009612","response to mechanical stimulus","21/810","213/18870",0.000349215519301178,0.00516796381307292,0.00415113698168024,"FAS/PKD2L1/FOS/CD40/CXCL12/TRPV4/PTGS2/TNFSF14/IL1B/PTGER4/MPO/ANKRD1/SLITRK6/CASP5/SOST/BDKRB1/TLR8/THBS1/TACR1/LHFPL5/SCN1A",21
"BP","GO:0042092","type 2 immune response","8/810","42/18870",0.00035889584317756,0.00529507727289933,0.00425324013159393,"IL10/BATF/IL6/CCR2/FCER1A/PRKCZ/XCL1/TBX21",8
"BP","GO:0051384","response to glucocorticoid","15/810","127/18870",0.000361098176830644,0.00531142591010892,0.00426637207968327,"FOS/IL10/IL1RN/ASS1/FLT3/PTGS2/ZFP36/ADM/PCSK1/TRIM63/IL6/PTGDS/AREG/TH/CYP1B1",15
"BP","GO:0007584","response to nutrient","17/810","155/18870",0.000366282347625829,0.00537140336971533,0.00431454862651001,"FOLR2/NQO1/PPARG/CD40/IL1A/ASS1/SPP1/SFRP1/PTGS2/LRAT/PRKCB/CCL28/TNFRSF11B/LEP/CYP26A1/CYP1B1/SFRP2",17
"BP","GO:0050672","negative regulation of lymphocyte proliferation","12/810","88/18870",0.000369322767074637,0.0053996768415069,0.00433725912886638,"FCGR2B/IL10/VSIG4/GPNMB/LILRB2/PLA2G2A/CD80/CRTAM/CR1/XCL1/CLEC4G/GAL",12
"BP","GO:0030073","insulin secretion","20/810","199/18870",0.000372877565045776,0.00543527838057717,0.00436585585879423,"ACSL4/IL1RN/CCN3/TRH/SFRP1/IL1B/PRKCB/EFNA5/IL6/PTPRN/LEP/GPR27/RBP4/TUNAR/IFNG/RIMS2/HNF4A/GAL/CPLX3/SNAP25",20
"BP","GO:0009913","epidermal cell differentiation","23/810","245/18870",0.000379359607190567,0.00549006088200299,0.00440985958557003,"ESRP1/TCHH/IL1A/KRT1/CSTA/KRT17/MAFB/ZFP36/KRT36/S100A7/KRT14/KRT86/EREG/SLITRK6/KRT6A/GATA6/ALOX15B/KRT81/SFN/KRT16/LHFPL5/KLK5/ST14",23
"BP","GO:0032755","positive regulation of interleukin-6 production","13/810","101/18870",0.000380026989827346,0.00549006088200299,0.00440985958557003,"MAPK13/IL1A/LILRB2/TRPV4/IL1B/IL6/LILRA5/EREG/LEP/CD36/IL1RL2/IFNG/TLR8",13
"BP","GO:0002287","alpha-beta T cell activation involved in immune response","11/810","76/18870",0.000381159974708489,0.00549006088200299,0.00440985958557003,"JUNB/PTGER4/CD80/BATF/IL6/SOCS3/PRKCZ/IFNG/TNFSF18/SLAMF6/TBX21",11
"BP","GO:0002293","alpha-beta T cell differentiation involved in immune response","11/810","76/18870",0.000381159974708489,0.00549006088200299,0.00440985958557003,"JUNB/PTGER4/CD80/BATF/IL6/SOCS3/PRKCZ/IFNG/TNFSF18/SLAMF6/TBX21",11
"BP","GO:0071622","regulation of granulocyte chemotaxis","9/810","53/18870",0.000383803979166518,0.00549552954240201,0.00441425225534167,"C5AR2/CXCR2/CXCL8/TRPV4/C5AR1/S100A7/XCL1/TNFSF18/THBS1",9
"BP","GO:1904645","response to amyloid-beta","9/810","53/18870",0.000383803979166518,0.00549552954240201,0.00441425225534167,"LGMN/FCGR2B/IGF1/FPR2/CACNA2D1/ICAM1/ITGA4/CD36/MMP3",9
"BP","GO:0031623","receptor internalization","15/810","128/18870",0.00039315692562594,0.00559889732007574,0.00449728182368541,"CXCR2/CXCL8/FCER1G/ADM/RSPO1/DNM3/GREM1/DKK1/SNCA/CXCR1/CD36/SELE/GRIA1/HTR2B/SNAP25",15
"BP","GO:0045766","positive regulation of angiogenesis","19/810","185/18870",0.000394483494739576,0.00559889732007574,0.00449728182368541,"CD40/IL1A/IL10/CAMP/CXCR2/CXCL8/LRG1/HMOX1/ADM/IL1B/C5AR1/PRKCB/CCL24/GREM1/GATA6/CYP1B1/THBS1/SFRP2/SLC39A12",19
"BP","GO:1904018","positive regulation of vasculature development","19/810","185/18870",0.000394483494739576,0.00559889732007574,0.00449728182368541,"CD40/IL1A/IL10/CAMP/CXCR2/CXCL8/LRG1/HMOX1/ADM/IL1B/C5AR1/PRKCB/CCL24/GREM1/GATA6/CYP1B1/THBS1/SFRP2/SLC39A12",19
"BP","GO:0010038","response to metal ion","30/810","359/18870",0.000407691335414476,0.00573343476454469,0.00460534824623719,"NQO1/LGMN/KCNMA1/FOS/S100A8/IL1A/ASS1/JUNB/FGG/ALOX5AP/HMOX1/CD14/PTGS2/PCSK1/CAPN3/KCNH1/TNFRSF11B/CRIP1/SYT4/SNCA/CRHBP/NDRG1/TH/KCNC2/GRIA1/FABP4/SLC30A2/THBS1/HAMP/SLC6A3",30
"BP","GO:0015844","monoamine transport","12/810","89/18870",0.000410520157775327,0.00573343476454469,0.00460534824623719,"CXCL12/SLC18A2/PRKCB/SYT4/SLC18A3/NOS1/SNCA/VIP/CHRNA6/DRD1/SLC22A2/SLC6A3",12
"BP","GO:0032945","negative regulation of mononuclear cell proliferation","12/810","89/18870",0.000410520157775327,0.00573343476454469,0.00460534824623719,"FCGR2B/IL10/VSIG4/GPNMB/LILRB2/PLA2G2A/CD80/CRTAM/CR1/XCL1/CLEC4G/GAL",12
"BP","GO:0046849","bone remodeling","12/810","89/18870",0.000410520157775327,0.00573343476454469,0.00460534824623719,"DCSTAMP/SNX10/SPP1/SFRP1/SIGLEC15/ACP5/TNFRSF11B/GREM1/IL6/CALCA/LEP/HAMP",12
"BP","GO:0050829","defense response to Gram-negative bacterium","12/810","89/18870",0.000410520157775327,0.00573343476454469,0.00460534824623719,"CTSG/CAMP/LYZ/RNASE3/IL6/DEFA3/SELP/CXCL6/DEFA4/TREM1/LTF/BPI",12
"BP","GO:0019934","cGMP-mediated signaling","7/810","33/18870",0.000420218391338381,0.00573343476454469,0.00460534824623719,"GUCY1B1/NPPC/CD36/KCNC2/GUCY2D/THBS1/HTR2B",7
"BP","GO:0072539","T-helper 17 cell differentiation","7/810","33/18870",0.000420218391338381,0.00573343476454469,0.00460534824623719,"JUNB/BATF/IL6/SOCS3/TNFSF18/SLAMF6/TBX21",7
"BP","GO:0043903","regulation of biological process involved in symbiotic interaction","10/810","65/18870",0.000422541589896853,0.00573343476454469,0.00460534824623719,"TRIM58/CH25H/FCN1/IFITM2/CXCL8/KRT6A/CXCL6/HS3ST5/RFPL2/LTF",10
"BP","GO:0002399","MHC class II protein complex assembly","5/810","16/18870",0.000423296712341179,0.00573343476454469,0.00460534824623719,"HLA-DQB2/HLA-DQA2/HLA-DPA1/HLA-DMB/HLA-DMA",5
"BP","GO:0002503","peptide antigen assembly with MHC class II protein complex","5/810","16/18870",0.000423296712341179,0.00573343476454469,0.00460534824623719,"HLA-DQB2/HLA-DQA2/HLA-DPA1/HLA-DMB/HLA-DMA",5
"BP","GO:0002713","negative regulation of B cell mediated immunity","5/810","16/18870",0.000423296712341179,0.00573343476454469,0.00460534824623719,"FCGR2B/SVEP1/CR1/C4BPB/C4BPA",5
"BP","GO:0002890","negative regulation of immunoglobulin mediated immune response","5/810","16/18870",0.000423296712341179,0.00573343476454469,0.00460534824623719,"FCGR2B/SVEP1/CR1/C4BPB/C4BPA",5
"BP","GO:0010819","regulation of T cell chemotaxis","5/810","16/18870",0.000423296712341179,0.00573343476454469,0.00460534824623719,"TNFSF14/S100A7/CCR2/XCL1/XCL2",5
"BP","GO:2000095","regulation of Wnt signaling pathway, planar cell polarity pathway","5/810","16/18870",0.000423296712341179,0.00573343476454469,0.00460534824623719,"DAB2/SFRP1/RSPO3/DKK1/SFRP2",5
"BP","GO:0002251","organ or tissue specific immune response","8/810","43/18870",0.000424547599257463,0.00573343476454469,0.00460534824623719,"CAMP/RNASE2/RNASE3/IL6/DEFA3/DEFA4/XCL1/LTF",8
"BP","GO:0014002","astrocyte development","8/810","43/18870",0.000424547599257463,0.00573343476454469,0.00460534824623719,"S100A8/S100A9/IL1B/C5AR1/IL6/IFNG/TSPAN2/DRD1",8
"BP","GO:1904646","cellular response to amyloid-beta","8/810","43/18870",0.000424547599257463,0.00573343476454469,0.00460534824623719,"LGMN/FCGR2B/IGF1/FPR2/CACNA2D1/ICAM1/ITGA4/CD36",8
"BP","GO:0034114","regulation of heterotypic cell-cell adhesion","6/810","24/18870",0.00042522383915041,0.00573343476454469,0.00460534824623719,"IL10/IL1RN/FGG/SKAP1/IL1B/CEACAM6",6
"BP","GO:0034341","response to type II interferon","16/810","143/18870",0.000431513048281477,0.00580211727523072,0.00466051707489311,"PPARG/CD40/CCL8/ASS1/IFITM2/FASLG/HLA-DPA1/CCL24/CCL20/SNCA/CCL13/IFNG/CCL7/XCL1/XCL2/CCL2",16
"BP","GO:0001935","endothelial cell proliferation","20/810","202/18870",0.000452790624220462,0.00607139693360808,0.00487681439986215,"PPARG/FGF10/IL10/CXCL12/CAV2/LRG1/SCG2/HMOX1/CCL24/FGF7/NOX5/LEP/ITGA4/VIP/EGR3/THBS1/CCL2/HTR2B/PPP1R16B/COL8A1",20
"BP","GO:0022600","digestive system process","13/810","103/18870",0.000460805713221325,0.0061618482974554,0.00494946893365749,"HRH2/FGF10/SNX10/GCNT3/LEP/NPPC/SERPINA3/RBP4/CD36/PTGER3/SPINK1/SLC5A1/HAMP",13
"BP","GO:0051346","negative regulation of hydrolase activity","21/810","218/18870",0.000476432420085448,0.00635330485465595,0.0051032553036336,"LGALS3/HGF/GZMA/CSTA/SPOCK1/SERPINI1/CST7/PLAUR/CST1/KNG1/CR1/SERPINB2/NOS1/SNCA/SERPINA3/SPOCK3/SFN/PPP4R4/LTF/THBS1/MAGEA3",21
"BP","GO:0046209","nitric oxide metabolic process","11/810","78/18870",0.000479003161156403,0.00637008587466624,0.0051167345607017,"NQO1/HBB/IL10/ASS1/PTGS2/ACP5/IL1B/NOS1/CD36/IFNG/CYP1B1",11
"BP","GO:0001505","regulation of neurotransmitter levels","19/810","188/18870",0.000482522302560978,0.00639935316019396,0.00514024333818195,"SLC18A2/KMO/TACR2/PRKCB/ERC2/MCTP2/SYT4/GABRA2/SLC18A3/NOS1/SNCA/UNC13C/RIMS2/DRD1/SLC22A2/SLC6A3/CPLX3/NAPB/SNAP25",19
"BP","GO:0015872","dopamine transport","9/810","55/18870",0.000510127610433524,0.00674702839521614,0.0054195114557458,"CXCL12/SLC18A2/PRKCB/SYT4/SNCA/CHRNA6/DRD1/SLC22A2/SLC6A3",9
"BP","GO:2001057","reactive nitrogen species metabolic process","11/810","79/18870",0.000535301291314754,0.00704670901437153,0.00566022817626963,"NQO1/HBB/IL10/ASS1/PTGS2/ACP5/IL1B/NOS1/CD36/IFNG/CYP1B1",11
"BP","GO:0050830","defense response to Gram-positive bacterium","14/810","118/18870",0.000535689251401544,0.00704670901437153,0.00566022817626963,"CTSG/CAMP/LYZ/ACP5/PLA2G2A/IL1B/C5AR1/RNASE1/RNASE3/IL6/DEFA3/KRT6A/CD36/DEFA4",14
"BP","GO:0006956","complement activation","10/810","67/18870",0.000541920993248318,0.00710941757088469,0.00571059846085852,"VSIG4/KRT1/CFD/FCN1/SVEP1/IL1B/CR1/C6/C4BPB/C4BPA",10
"BP","GO:0016064","immunoglobulin mediated immune response","20/810","205/18870",0.000547188401439833,0.00715917116061711,0.00575056274346188,"CD40/FCGR2B/FCGR3A/IL10/CD28/FCGR1A/SVEP1/IL13RA2/FCER1G/IL21R/BATF/CR1/IGLL5/C6/FCER1A/C4BPB/XCL1/TLR8/C4BPA/TBX21",20
"BP","GO:0006979","response to oxidative stress","32/810","400/18870",0.000567476353796038,0.0074046511325967,0.00594774310826408,"NQO1/MSRB3/HBB/FOS/MAPK13/IL1A/KRT1/HGF/HBA1/PDLIM1/HBA2/ANKRD2/VNN1/HMOX1/PTGS2/MPO/IL6/S100A7/CYGB/STK26/PTPRN/RBM11/AREG/SNCA/ANGPTL7/CRYGD/CD36/MET/CYP1B1/GPX3/TACR1/MMP3",32
"BP","GO:2000659","regulation of interleukin-1-mediated signaling pathway","4/810","10/18870",0.000575048382865713,0.00748333740061709,0.0060109473970216,"IL1RN/IL1R1/IL1R2/IL6",4
"BP","GO:0032609","type II interferon production","14/810","119/18870",0.000583663605593022,0.00751344968554942,0.00603513491537637,"IL10/PTPN22/IL1R1/CD14/HLA-DPA1/IL1B/CRTAM/CR1/IL36RN/CCR2/INHBA/XCL1/TLR8/SLAMF6",14
"BP","GO:0032649","regulation of type II interferon production","14/810","119/18870",0.000583663605593022,0.00751344968554942,0.00603513491537637,"IL10/PTPN22/IL1R1/CD14/HLA-DPA1/IL1B/CRTAM/CR1/IL36RN/CCR2/INHBA/XCL1/TLR8/SLAMF6",14
"BP","GO:0007187","G protein-coupled receptor signaling pathway, coupled to cyclic nucleotide second messenger","9/810","56/18870",0.000585023182168686,0.00751344968554942,0.00603513491537637,"HRH2/HTR6/CHRM2/HTR5A/CCL2/HTR7/DRD1/HTR2B/MC5R",9
"BP","GO:0001504","neurotransmitter uptake","8/810","45/18870",0.000585101767848718,0.00751344968554942,0.00603513491537637,"SLC18A2/SLC18A3/NOS1/SNCA/DRD1/SLC22A2/SLC6A3/SNAP25",8
"BP","GO:0051602","response to electrical stimulus","8/810","45/18870",0.000585101767848718,0.00751344968554942,0.00603513491537637,"NQO1/CD14/TACR2/TRIM63/TH/GRIA1/TACR1/KCNJ3",8
"BP","GO:0046942","carboxylic acid transport","29/810","351/18870",0.000606819135622255,0.00777176803248133,0.00624262763045364,"FOLR2/SLC38A4/PPARG/AQP9/IL1A/PLA2G2C/TRH/KMO/RBP7/PTGS2/PLA2G2A/IL1B/SLCO3A1/CES1/SLC16A7/SYT4/SLC7A14/LEP/SLC27A2/FABP5P3/SLC6A15/SNCA/CD36/SLC17A6/FABP4/THBS1/FOLR3/SLC22A2/FABP6",29
"BP","GO:0032760","positive regulation of tumor necrosis factor production","13/810","106/18870",0.000609003371099247,0.00777921674556775,0.00624861076607095,"LY96/FCGR3A/IL1A/CD14/IL6/LILRA5/LEP/MMP8/CCR2/CD36/IFNG/THBS1/ORM1",13
"BP","GO:0030193","regulation of blood coagulation","10/810","68/18870",0.000611340379606152,0.00778009415361069,0.00624931553899638,"ADTRP/KRT1/FGG/PLAU/PLAUR/KNG1/SERPINB2/TSPAN8/CD36/THBS1",10
"BP","GO:0051968","positive regulation of synaptic transmission, glutamatergic","7/810","35/18870",0.000613880523451358,0.00778009415361069,0.00624931553899638,"KMO/PTGS2/NPS/GRIN2A/CCR2/CCL2/DRD1",7
"BP","GO:0098810","neurotransmitter reuptake","7/810","35/18870",0.000613880523451358,0.00778009415361069,0.00624931553899638,"SLC18A2/SLC18A3/NOS1/SNCA/DRD1/SLC22A2/SLC6A3",7
"BP","GO:0043367","CD4-positive, alpha-beta T cell differentiation","12/810","93/18870",0.000616261471845988,0.0077899301675532,0.00625721626019063,"JUNB/TOX/PTGER4/CD80/BATF/IL6/SOCS3/PRKCZ/IFNG/TNFSF18/SLAMF6/TBX21",12
"BP","GO:0050804","modulation of chemical synaptic transmission","37/810","489/18870",0.000631687292232854,0.00796418212077473,0.00639718313173066,"LGMN/SRGN/LILRB2/KMO/PTGS2/IL1B/NPS/TACR2/PRKCB/NSG1/ERC2/MCTP2/GUCY1B1/SYT4/DKK1/FRRS1L/SLC18A3/GRIN2A/CCR2/SNCA/PLCL1/CHRNA6/PRKCZ/UNC13C/GRIA1/EGR2/SLC24A2/CHRM2/RIMS2/CCL2/DRD1/CPLX3/TACR1/CBLN2/CNTNAP4/CELF4/SNAP25",37
"BP","GO:0015849","organic acid transport","29/810","352/18870",0.00063504152273097,0.00798572940760654,0.00641449086500003,"FOLR2/SLC38A4/PPARG/AQP9/IL1A/PLA2G2C/TRH/KMO/RBP7/PTGS2/PLA2G2A/IL1B/SLCO3A1/CES1/SLC16A7/SYT4/SLC7A14/LEP/SLC27A2/FABP5P3/SLC6A15/SNCA/CD36/SLC17A6/FABP4/THBS1/FOLR3/SLC22A2/FABP6",29
"BP","GO:0099177","regulation of trans-synaptic signaling","37/810","490/18870",0.000656010868367997,0.00822810531022806,0.00660917790408014,"LGMN/SRGN/LILRB2/KMO/PTGS2/IL1B/NPS/TACR2/PRKCB/NSG1/ERC2/MCTP2/GUCY1B1/SYT4/DKK1/FRRS1L/SLC18A3/GRIN2A/CCR2/SNCA/PLCL1/CHRNA6/PRKCZ/UNC13C/GRIA1/EGR2/SLC24A2/CHRM2/RIMS2/CCL2/DRD1/CPLX3/TACR1/CBLN2/CNTNAP4/CELF4/SNAP25",37
"BP","GO:0043299","leukocyte degranulation","11/810","81/18870",0.000664551749405708,0.0083137479165343,0.00667796983124999,"FCGR2B/FCGR3A/IL13RA2/SLC18A2/NKG7/VAMP8/PTGDS/CCR2/GRP/FCER1A/CD177",11
"BP","GO:0061900","glial cell activation","9/810","57/18870",0.000668681251830095,0.00834390436088247,0.0067021928203996,"CTSC/CST7/IL1B/STAP1/C5AR1/IL6/MMP8/SNCA/IFNG",9
"BP","GO:0002726","positive regulation of T cell cytokine production","6/810","26/18870",0.000675937331941294,0.00839130385995663,0.00674026619332495,"IL1R1/IL1B/IL6/PRKCZ/XCL1/TBX21",6
"BP","GO:1904996","positive regulation of leukocyte adhesion to vascular endothelial cell","6/810","26/18870",0.000675937331941294,0.00839130385995663,0.00674026619332495,"GCNT1/IL6/SELP/ITGA4/CCR2/SELE",6
"BP","GO:0031960","response to corticosteroid","16/810","149/18870",0.000680819991652421,0.00843035775377768,0.00677163600719809,"FOS/IL10/IL1RN/ASS1/FLT3/PTGS2/ZFP36/ADM/PCSK1/TRIM63/IL6/PTGDS/AREG/INHBA/TH/CYP1B1",16
"BP","GO:0050918","positive chemotaxis","10/810","69/18870",0.000687944896920876,0.00849690720013723,0.00682509146429604,"LGALS3/FGF10/HGF/GPNMB/CXCL12/FPR2/CXCL8/SCG2/FGF7/MET",10
"BP","GO:1901342","regulation of vasculature development","29/810","354/18870",0.000694962734752313,0.00856179978296378,0.00687721605536352,"PPARG/CD40/IL1A/IL10/CAMP/KRT1/GPNMB/CXCR2/SFRP1/CXCL8/FASLG/LRG1/HMOX1/ADM/IL1B/C5AR1/PRKCB/CCL24/GREM1/IL6/LEP/GATA6/CCR2/ANGPTL7/CYP1B1/THBS1/SFRP2/PPP1R16B/SLC39A12",29
"BP","GO:0019058","viral life cycle","27/810","321/18870",0.000704179634189763,0.00865338720090408,0.00695078311802501,"CD209/TRIM58/CCL8/CH25H/CD28/APOBEC3A/FCN1/IFITM2/CAV2/GYPA/CXCL8/FBXL2/VAMP8/CLEC5A/ITGB6/CD80/CR1/ICAM1/CHMP4C/SLPI/SIGLEC1/HS3ST5/RFPL2/CLEC4G/NECTIN4/LTF/CCL2",27
"BP","GO:0045920","negative regulation of exocytosis","7/810","36/18870",0.000734171545806627,0.00899916334178123,0.00722852579922314,"FCGR2B/IL13RA2/IL1RAPL1/STXBP6/SYT4/CCR2/SNCA",7
"BP","GO:0019722","calcium-mediated signaling","20/810","210/18870",0.000742556852507434,0.00907902005559468,0.00729267024178056,"FCGR3A/IGF1/RCAN2/CXCR2/FPR2/CXCL8/PLN/CCL20/MCTP2/TNNI3/SELP/GRIN2A/CCR2/MYOZ2/CXCR1/SELE/PTGFR/TRAT1/RIT2/HTR2B",20
"BP","GO:0019731","antibacterial humoral response","10/810","70/18870",0.000772291559524444,0.00931052422696163,0.00747862462573805,"CTSG/CAMP/RNASE3/JCHAIN/DEFA3/SLPI/PI3/DEFA4/LTF/KLK5",10
"BP","GO:1900046","regulation of hemostasis","10/810","70/18870",0.000772291559524444,0.00931052422696163,0.00747862462573805,"ADTRP/KRT1/FGG/PLAU/PLAUR/KNG1/SERPINB2/TSPAN8/CD36/THBS1",10
"BP","GO:0002827","positive regulation of T-helper 1 type immune response","5/810","18/18870",0.000772999848262368,0.00931052422696163,0.00747862462573805,"IL1R1/IL1B/CCR2/XCL1/TBX21",5
"BP","GO:0002923","regulation of humoral immune response mediated by circulating immunoglobulin","5/810","18/18870",0.000772999848262368,0.00931052422696163,0.00747862462573805,"FCGR2B/SVEP1/CR1/C4BPB/C4BPA",5
"BP","GO:0016082","synaptic vesicle priming","5/810","18/18870",0.000772999848262368,0.00931052422696163,0.00747862462573805,"ERC2/SNCA/UNC13C/NAPB/SNAP25",5
"BP","GO:0150078","positive regulation of neuroinflammatory response","5/810","18/18870",0.000772999848262368,0.00931052422696163,0.00747862462573805,"CTSC/IL1B/STAP1/IL6/MMP8",5
"BP","GO:0099054","presynapse assembly","8/810","47/18870",0.000791447325121595,0.00950912206965401,0.00763814719189783,"IL1RAPL1/SLITRK6/DKK1/SNCA/SLITRK4/LRFN5/CBLN2/SLITRK1",8
"BP","GO:0006939","smooth muscle contraction","13/810","109/18870",0.000795540987107075,0.00953470605288332,0.00765869737815362,"KCNMA1/PTGS2/ATP2B1/TACR2/CALCA/TNNI3/KCNB2/PTGER3/CHRM2/HTR7/DRD1/HTR2B/TACR1",13
"BP","GO:0045055","regulated exocytosis","21/810","227/18870",0.000808796033180895,0.00966969444596075,0.00776712602256167,"FCGR2B/FCGR3A/IL13RA2/SLC18A2/NKG7/VAMP8/PRKCB/ERC2/SYT4/PTGDS/CCR2/SNCA/CRHBP/GRP/FCER1A/UNC13C/RIMS2/CD177/CPLX3/NAPB/SNAP25",21
"BP","GO:0001936","regulation of endothelial cell proliferation","18/810","181/18870",0.000812287397338263,0.00968757500412759,0.00778148847728159,"PPARG/FGF10/IL10/CXCL12/CAV2/LRG1/SCG2/HMOX1/CCL24/FGF7/LEP/ITGA4/VIP/EGR3/THBS1/CCL2/HTR2B/PPP1R16B",18
"BP","GO:0001910","regulation of leukocyte mediated cytotoxicity","12/810","96/18870",0.00082206425593417,0.00978014680956975,0.00785584624349888,"FCGR2B/CLEC12B/STAP1/CRTAM/LEP/ICAM1/CXCL6/XCL1/SLAMF6/KLRC1/CD1C/DNASE1L3",12
"BP","GO:0015850","organic hydroxy compound transport","26/810","308/18870",0.000831537113553058,0.00986865806647076,0.00792694239763358,"PPARG/AQP9/SPP1/MSR1/CXCL12/DAB2/SLC18A2/SELENOM/PRKCB/CES1/SLC16A7/SYT4/LEP/SLC18A3/NOS1/SNCA/SLC2A13/VIP/RBP4/CD36/CHRNA6/GAL/DRD1/SLC5A1/SLC22A2/SLC6A3",26
"BP","GO:0042730","fibrinolysis","6/810","27/18870",0.000837821663590056,0.0099189911099174,0.00796737212307463,"KRT1/FGG/PLAU/PLAUR/SERPINB2/THBS1",6
"BP","GO:0002886","regulation of myeloid leukocyte mediated immunity","9/810","59/18870",0.000865333131981629,0.01021977377771,0.00820897405777937,"FCGR2B/FCGR1A/IL13RA2/VAMP8/STAP1/CXCL6/CCR2/CD177/DNASE1L3",9
"BP","GO:1903557","positive regulation of tumor necrosis factor superfamily cytokine production","13/810","110/18870",0.000867503155680145,0.0102205347516297,0.00820958530567005,"LY96/FCGR3A/IL1A/CD14/IL6/LILRA5/LEP/MMP8/CCR2/CD36/IFNG/THBS1/ORM1",13
"BP","GO:0001660","fever generation","4/810","11/18870",0.000873033114479186,0.0102359969509226,0.00822200522764024,"IL1A/PTGS2/IL1B/PTGER3",4
"BP","GO:0010454","negative regulation of cell fate commitment","4/810","11/18870",0.000873033114479186,0.0102359969509226,0.00822200522764024,"DKK1/TNFSF18/SFRP2/TBX21",4
"BP","GO:0051952","regulation of amine transport","12/810","97/18870",0.000902263254082661,0.0105532188802825,0.00847681190392436,"TRH/CXCL12/KMO/TACR2/PRKCB/SYT4/LEP/SLC18A3/SNCA/VIP/CHRNA6/DRD1",12
"BP","GO:0097191","extrinsic apoptotic signaling pathway","21/810","229/18870",0.000905230418831481,0.0105624722428077,0.00848424461374445,"FAS/LGALS3/FGF10/IL1A/IGF1/BCL2A1/HGF/FGG/SFRP1/FASLG/SCG2/HMOX1/IL1B/CD70/ICAM1/INHBA/IFNG/BMP5/THBS1/SFRP2/PAK5",21
"BP","GO:0035249","synaptic transmission, glutamatergic","13/810","111/18870",0.000944845420893025,0.0109982725971577,0.00883429872267516,"KMO/PTGS2/NPS/DKK1/FRRS1L/GRIN2A/CCR2/SLC17A6/UNC13C/GRIA1/CCL2/DRD1/NAPB",13
"BP","GO:0042130","negative regulation of T cell proliferation","10/810","72/18870",0.00096657277184335,0.0112242685036546,0.00901582862479921,"IL10/VSIG4/GPNMB/LILRB2/PLA2G2A/CD80/CRTAM/CR1/XCL1/CLEC4G",10
"BP","GO:0002544","chronic inflammatory response","5/810","19/18870",0.00101227921936894,0.0116436097886655,0.00935266208167262,"S100A8/IL10/S100A9/VNN1/THBS1",5
"BP","GO:0032026","response to magnesium ion","5/810","19/18870",0.00101227921936894,0.0116436097886655,0.00935266208167262,"CD14/TNFRSF11B/SNCA/KCNC2/THBS1",5
"BP","GO:0032695","negative regulation of interleukin-12 production","5/810","19/18870",0.00101227921936894,0.0116436097886655,0.00935266208167262,"IL10/ACP5/LILRA5/TLR8/THBS1",5
"BP","GO:0043031","negative regulation of macrophage activation","5/810","19/18870",0.00101227921936894,0.0116436097886655,0.00935266208167262,"FCGR2B/VSIG4/CST7/LRFN5/BPI",5
"BP","GO:0002227","innate immune response in mucosa","6/810","28/18870",0.00102802069911934,0.0117412058200595,0.0094310555282676,"CAMP/RNASE2/RNASE3/DEFA3/DEFA4/LTF",6
"BP","GO:0015732","prostaglandin transport","6/810","28/18870",0.00102802069911934,0.0117412058200595,0.0094310555282676,"IL1A/PTGS2/IL1B/SLCO3A1/LEP/SLC22A2",6
"BP","GO:0018149","peptide cross-linking","6/810","28/18870",0.00102802069911934,0.0117412058200595,0.0094310555282676,"EPB42/KRT1/CSTA/F13A1/PI3/THBS1",6
"BP","GO:0001774","microglial cell activation","8/810","49/18870",0.00105253906047426,0.0119930154918828,0.00963332018778517,"CTSC/CST7/STAP1/C5AR1/IL6/MMP8/SNCA/IFNG",8
"BP","GO:0048545","response to steroid hormone","27/810","330/18870",0.00106575495032161,0.0121151628310564,0.00973143433006594,"ADTRP/FOS/IL10/IL1RN/ASS1/FLT3/SPP1/DAB2/SFRP1/PTGS2/ZFP36/ADM/PCSK1/TRIM63/IL6/OR51E2/DEFA3/PTGDS/AREG/CYP7B1/INHBA/TH/CYP1B1/LOX/DSG1/THBS1/TACR1",27
"BP","GO:0007188","adenylate cyclase-modulating G protein-coupled receptor signaling pathway","22/810","248/18870",0.00107153060226472,0.0121523587462452,0.00976131173337065,"FPR2/ADM/PLN/PTGER4/CALCA/RGS1/ADGRE1/FPR1/VIP/PTH2R/PTGFR/PTGER3/CHRM2/AVPR2/RIMS2/HTR5A/GLP2R/GPR171/RIT2/DRD1/MCHR1/MC5R",22
"BP","GO:0042093","T-helper cell differentiation","10/810","73/18870",0.00107775505844686,0.0121661001248862,0.00977234941612525,"JUNB/PTGER4/CD80/BATF/IL6/SOCS3/PRKCZ/TNFSF18/SLAMF6/TBX21",10
"BP","GO:1903351","cellular response to dopamine","10/810","73/18870",0.00107775505844686,0.0121661001248862,0.00977234941612525,"HRH2/CAV2/NSG1/HTR3A/HTR6/CHRM2/HTR5A/HTR7/DRD1/HTR2B",10
"BP","GO:0045765","regulation of angiogenesis","28/810","349/18870",0.00117048230113014,0.013182183502751,0.0105885125006375,"PPARG/CD40/IL1A/IL10/CAMP/KRT1/GPNMB/CXCR2/SFRP1/CXCL8/FASLG/LRG1/HMOX1/ADM/IL1B/C5AR1/PRKCB/CCL24/GREM1/IL6/LEP/GATA6/CCR2/CYP1B1/THBS1/SFRP2/PPP1R16B/SLC39A12",28
"BP","GO:0061138","morphogenesis of a branching epithelium","18/810","187/18870",0.00118433621793488,0.0133073333376294,0.010689038380192,"FGF10/IL10/SEMA3C/HGF/WNT2/SFRP1/ADM/FGF7/PAX8/RSPO3/GREM1/NTN4/TACSTD2/AREG/SOCS3/MET/SFRP2/ST14",18
"BP","GO:1903350","response to dopamine","10/810","74/18870",0.00119917501215976,0.0134429457483221,0.010797968263133,"HRH2/CAV2/NSG1/HTR3A/HTR6/CHRM2/HTR5A/HTR7/DRD1/HTR2B",10
"BP","GO:0002385","mucosal immune response","7/810","39/18870",0.00120979736495296,0.0135144718288045,0.0108554211727478,"CAMP/RNASE2/RNASE3/DEFA3/DEFA4/XCL1/LTF",7
"BP","GO:0051963","regulation of synapse assembly","13/810","114/18870",0.00121231560630801,0.0135144718288045,0.0108554211727478,"IL1RAPL1/AMIGO2/EFNA5/SLITRK6/DKK1/SNCA/SLITRK4/NEGR1/LRFN5/LINGO4/CBLN2/SLITRK1/SNAP25",13
"BP","GO:0071868","cellular response to monoamine stimulus","11/810","87/18870",0.00121669225158376,0.0135144718288045,0.0108554211727478,"HRH2/CAV2/NSG1/SNCA/HTR3A/HTR6/CHRM2/HTR5A/HTR7/DRD1/HTR2B",11
"BP","GO:0071870","cellular response to catecholamine stimulus","11/810","87/18870",0.00121669225158376,0.0135144718288045,0.0108554211727478,"HRH2/CAV2/NSG1/SNCA/HTR3A/HTR6/CHRM2/HTR5A/HTR7/DRD1/HTR2B",11
"BP","GO:0001763","morphogenesis of a branching structure","19/810","203/18870",0.00122450282097102,0.0135701750981582,0.0109001645010253,"FGF10/IL10/SEMA3C/HGF/WNT2/SFRP1/ADM/FGF7/PAX8/RSPO3/GREM1/NTN4/TACSTD2/AREG/SOCS3/MET/FGF13/SFRP2/ST14",19
"BP","GO:0022617","extracellular matrix disassembly","9/810","62/18870",0.00124608132753072,0.013755059479374,0.011048671808731,"CTSG/KLK4/TPSAB1/IL6/MMP10/MMP8/MMP19/MMP3/KLK5",9
"BP","GO:0002710","negative regulation of T cell mediated immunity","6/810","29/18870",0.00124968710968354,0.013755059479374,0.011048671808731,"FCGR2B/CD80/XCL1/CLEC4G/KLRC1/TBX21",6
"BP","GO:0099505","regulation of presynaptic membrane potential","6/810","29/18870",0.00124968710968354,0.013755059479374,0.011048671808731,"KCNA4/GABRA2/KCNC2/GRIA1/SCN1A/KCNJ3",6
"BP","GO:0097696","receptor signaling pathway via STAT","18/810","188/18870",0.00125864592662153,0.013822324271088,0.0111027018628391,"PPARG/CD40/IL10/IGF1/FLT3/CLEC12B/OSM/IL6/PRLR/LEP/CCR2/SOCS3/CRLF1/IFNG/CYP1B1/TNFSF18/CCL2/HAMP",18
"BP","GO:0042416","dopamine biosynthetic process","4/810","12/18870",0.00126525103402687,0.0138634955285924,0.0111357724368196,"DDC/SNCA/TH/SLC6A3",4
"BP","GO:0002262","myeloid cell homeostasis","17/810","173/18870",0.00127858963728876,0.0139287496293166,0.0111881874150432,"TRIM58/RPS17/EPB42/SLC4A1/HCAR2/CXCR2/AHSP/MAFB/ALAS2/HMOX1/ZFP36/IL6/CCR2/GCNT4/INHBA/KLF1/HAMP",17
"BP","GO:0034767","positive regulation of monoatomic ion transmembrane transport","16/810","158/18870",0.00127981506688818,0.0139287496293166,0.0111881874150432,"GLRX/KCNE1/SCN1B/CAPN3/CACNA2D1/NOS1/CCR2/SNCA/BDKRB1/KCNC2/IFNG/FGF13/XCL1/CCL2/GAL/DRD1",16
"BP","GO:2001236","regulation of extrinsic apoptotic signaling pathway","16/810","158/18870",0.00127981506688818,0.0139287496293166,0.0111881874150432,"LGALS3/FGF10/IL1A/IGF1/HGF/FGG/SFRP1/SCG2/HMOX1/IL1B/ICAM1/INHBA/BMP5/THBS1/SFRP2/PAK5",16
"BP","GO:0002396","MHC protein complex assembly","5/810","20/18870",0.00130242359752322,0.0140488092052838,0.0112846245736281,"HLA-DQB2/HLA-DQA2/HLA-DPA1/HLA-DMB/HLA-DMA",5
"BP","GO:0002501","peptide antigen assembly with MHC protein complex","5/810","20/18870",0.00130242359752322,0.0140488092052838,0.0112846245736281,"HLA-DQB2/HLA-DQA2/HLA-DPA1/HLA-DMB/HLA-DMA",5
"BP","GO:1903978","regulation of microglial cell activation","5/810","20/18870",0.00130242359752322,0.0140488092052838,0.0112846245736281,"CTSC/CST7/STAP1/IL6/MMP8",5
"BP","GO:1904862","inhibitory synapse assembly","5/810","20/18870",0.00130242359752322,0.0140488092052838,0.0112846245736281,"GABRB2/LGI2/GABRA2/FGF13/GABRB3",5
"BP","GO:0002429","immune response-activating cell surface receptor signaling pathway","26/810","318/18870",0.00132027019096836,0.0142097372659876,0.0114138891057225,"LGALS3/FPR3/LY96/FCGR2B/PTPN22/CD28/C5AR2/GCSAM/FCN1/FPR2/THEMIS/CD14/FCER1G/SKAP1/STAP1/C5AR1/PRKCB/CR1/FPR1/TNIP3/CD8B/TRAT1/LTF/TESPA1/KLRC1/CD3D",26
"BP","GO:0050714","positive regulation of protein secretion","15/810","144/18870",0.00134903148901024,0.0144871655921587,0.0116367318008708,"ACSL4/PPARG/IL1A/IGF1/TRH/HCAR2/FGG/PCSK1/PRKCB/ANKRD1/OR51E2/GPR27/RBP4/TUNAR/SNAP25",15
"BP","GO:0050777","negative regulation of immune response","19/810","205/18870",0.00137411687557949,0.0147239808257458,0.0118269522647762,"LGALS3/PPARG/FCGR2B/IL10/VSIG4/SVEP1/IL13RA2/CLEC12B/AMBP/CD80/CR1/CCR2/C4BPB/XCL1/TNFSF18/CLEC4G/KLRC1/C4BPA/TBX21",19
"BP","GO:0046634","regulation of alpha-beta T cell activation","13/810","116/18870",0.00142353369407083,0.0152198954868278,0.0122252928421942,"PTPN22/CD28/JUNB/CD80/CRTAM/BATF/CCR2/PRKCZ/IFNG/XCL1/TNFSF18/CLEC4G/TBX21",13
"BP","GO:0097305","response to alcohol","22/810","254/18870",0.00145890885477687,0.0155638320463449,0.0125015578903263,"NQO1/FOS/S100A8/SFRP1/CD14/PRKCB/PTGER4/EFNA5/CES1/LEP/NPPC/GRIN2A/CRHBP/PTGFR/INHBA/TH/KCNC2/SPINK1/CYP1B1/SLC6A3/TACR1/CSF3",22
"BP","GO:0051937","catecholamine transport","10/810","76/18870",0.00147551797023523,0.0157065004989514,0.0126161554980409,"CXCL12/SLC18A2/PRKCB/SYT4/SNCA/VIP/CHRNA6/DRD1/SLC22A2/SLC6A3",10
"BP","GO:0010575","positive regulation of vascular endothelial growth factor production","6/810","30/18870",0.00150610421947302,0.0159620739766857,0.0128214434128432,"IL1A/PTGS2/IL1B/C5AR1/IL6/CYP1B1",6
"BP","GO:0043032","positive regulation of macrophage activation","6/810","30/18870",0.00150610421947302,0.0159620739766857,0.0128214434128432,"IL10/CTSC/STAP1/MMP8/THBS1/HAMP",6
"BP","GO:0001508","action potential","15/810","146/18870",0.00154987074475125,0.0163901363725982,0.0131652820515047,"DSC2/KCNE1/SCN1B/NPS/CACNA2D1/GJD2/CD36/KCNC2/GRIA1/KCNH6/FGF13/DRD1/TACR1/SCN1A/KCNJ3",15
"BP","GO:0032615","interleukin-12 production","9/810","64/18870",0.00156764280677784,0.0164808169673048,0.0132381207136592,"CD40/IL10/ACP5/LILRA5/LEP/CD36/IFNG/TLR8/THBS1",9
"BP","GO:0032655","regulation of interleukin-12 production","9/810","64/18870",0.00156764280677784,0.0164808169673048,0.0132381207136592,"CD40/IL10/ACP5/LILRA5/LEP/CD36/IFNG/TLR8/THBS1",9
"BP","GO:0002269","leukocyte activation involved in inflammatory response","8/810","52/18870",0.00156863152840849,0.0164808169673048,0.0132381207136592,"CTSC/CST7/STAP1/C5AR1/IL6/MMP8/SNCA/IFNG",8
"BP","GO:0071867","response to monoamine","11/810","90/18870",0.00160955500503179,0.0168378879190179,0.0135249358862018,"HRH2/CAV2/NSG1/SNCA/HTR3A/HTR6/CHRM2/HTR5A/HTR7/DRD1/HTR2B",11
"BP","GO:0071869","response to catecholamine","11/810","90/18870",0.00160955500503179,0.0168378879190179,0.0135249358862018,"HRH2/CAV2/NSG1/SNCA/HTR3A/HTR6/CHRM2/HTR5A/HTR7/DRD1/HTR2B",11
"BP","GO:0001503","ossification","33/810","444/18870",0.00162695767893655,0.0169833388678667,0.013641768517897,"PPARG/SNX10/IGF1/SPP1/SNAI1/HGF/SRGN/JUNB/IBSP/SFRP1/PTGS2/CLEC5A/ATP2B1/PTGER4/GREM1/IL6/CALCA/LEP/DKK1/NPPC/SOST/TWIST2/AREG/CHRDL2/BMP3/HEMGN/EGR2/BMP5/LOX/LTF/RIPPLY2/SFRP2/TACR1",33
"BP","GO:0002637","regulation of immunoglobulin production","10/810","77/18870",0.0016319022542915,0.0169983981595084,0.0136538648066314,"CD40/FCGR2B/IL10/CD28/IL13RA2/IL6/CR1/RBP4/XCL1/TBX21",10
"BP","GO:0042417","dopamine metabolic process","7/810","41/18870",0.00164168046695549,0.0170271730482947,0.0136769780692828,"HPRT1/DDC/GRIN2A/SNCA/TH/DRD1/SLC6A3",7
"BP","GO:0051954","positive regulation of amine transport","7/810","41/18870",0.00164168046695549,0.0170271730482947,0.0136769780692828,"TRH/CXCL12/KMO/TACR2/SYT4/SLC18A3/VIP",7
"BP","GO:0001780","neutrophil homeostasis","5/810","21/18870",0.00164961559379603,0.0170366682814594,0.0136846050602922,"HCAR2/CXCR2/IL6/CCR2/GCNT4",5
"BP","GO:0060445","branching involved in salivary gland morphogenesis","5/810","21/18870",0.00164961559379603,0.0170366682814594,0.0136846050602922,"FGF10/SEMA3C/HGF/FGF7/NTN4",5
"BP","GO:0120254","olefinic compound metabolic process","16/810","162/18870",0.00166300161162112,0.0171345016946304,0.0137631891824238,"DAB2/ADH4/PTGS2/LRAT/ADM/AKR1B10/SDR16C5/PTGDS/GSTA1/ALOX15B/RBP4/CYP1B1/BMP5/ELOVL3/EGR1/AFP",16
"BP","GO:0019218","regulation of steroid metabolic process","12/810","104/18870",0.001666148496058,0.0171345016946304,0.0137631891824238,"IL1A/CH25H/SNAI1/DAB2/ADM/CES1/LEP/IFNG/BMP5/GAL/EGR1/MALRD1",12
"BP","GO:0006813","potassium ion transport","21/810","241/18870",0.00171776384554479,0.0176279613240473,0.0141595577698851,"PKD2L1/KCNMA1/KCNE1/KCNJ15/KCNH1/KCNA4/NOS1/VIP/KCNK1/KCNB2/GRP/SLC17A6/KCNC2/SLC24A2/KCNH6/KCNH5/KCNS2/GAL/DRD1/KCNJ3/SNAP25",21
"BP","GO:0045453","bone resorption","9/810","65/18870",0.00175167693091943,0.0178626887031154,0.0143481011767483,"DCSTAMP/SNX10/SPP1/SIGLEC15/ACP5/TNFRSF11B/IL6/CALCA/HAMP",9
"BP","GO:1905330","regulation of morphogenesis of an epithelium","9/810","65/18870",0.00175167693091943,0.0178626887031154,0.0143481011767483,"FGF10/HGF/WNT2/SFRP1/FGF7/PAX8/GREM1/NTN4/TACSTD2",9
"BP","GO:2000117","negative regulation of cysteine-type endopeptidase activity","9/810","65/18870",0.00175167693091943,0.0178626887031154,0.0143481011767483,"HGF/CST7/PLAUR/CST1/SNCA/SFN/LTF/THBS1/MAGEA3",9
"BP","GO:0035745","T-helper 2 cell cytokine production","4/810","13/18870",0.00176585681644811,0.0178945072798311,0.0143736592640892,"IL6/PRKCZ/XCL1/TBX21",4
"BP","GO:1902947","regulation of tau-protein kinase activity","4/810","13/18870",0.00176585681644811,0.0178945072798311,0.0143736592640892,"C5AR1/DKK1/IFNG/EGR1",4
"BP","GO:2000551","regulation of T-helper 2 cell cytokine production","4/810","13/18870",0.00176585681644811,0.0178945072798311,0.0143736592640892,"IL6/PRKCZ/XCL1/TBX21",4
"BP","GO:1903522","regulation of blood circulation","22/810","258/18870",0.00177901921629316,0.0179903318247646,0.0144506297744515,"TMIGD3/HRH2/DSC2/FGG/MYL4/KCNE1/SCN1B/PTGS2/ADM/ATP2B1/CACNA2D1/PLN/TNNI3/LEP/NOS1/TH/KCNH6/CHRM2/FGF13/AVPR2/TACR1/KCNJ3",22
"BP","GO:0002825","regulation of T-helper 1 type immune response","6/810","31/18870",0.00180067358203118,0.0180665703348104,0.014511867915802,"IL1R1/IL1B/CD80/CCR2/XCL1/TBX21",6
"BP","GO:1902042","negative regulation of extrinsic apoptotic signaling pathway via death domain receptors","6/810","31/18870",0.00180067358203118,0.0180665703348104,0.014511867915802,"HGF/FGG/HMOX1/ICAM1/BMP5/SFRP2",6
"BP","GO:0019233","sensory perception of pain","10/810","78/18870",0.00180144623857607,0.0180665703348104,0.014511867915802,"RETREG1/CCN3/CXCL12/CALCA/GRIN2A/CCR2/TAFA4/GPR171/CCL2/SCN1A",10
"BP","GO:0042509","regulation of tyrosine phosphorylation of STAT protein","10/810","78/18870",0.00180144623857607,0.0180665703348104,0.014511867915802,"CD40/IGF1/FLT3/OSM/IL6/LEP/SOCS3/CRLF1/IFNG/TNFSF18",10
"BP","GO:0050808","synapse organization","35/810","483/18870",0.00183413686309381,0.0183564955329018,0.0147447486508941,"LGMN/FCGR2B/IL10/SRGN/IL1RAPL1/LILRB2/AMIGO2/ZNF804A/C5AR1/GABRB2/EFNA5/ERC2/LGI2/DNM3/SLITRK6/GABRA2/DKK1/MYOT/FRRS1L/SLC18A3/SYNPO/SNCA/UNC13C/GRIA1/SLITRK4/CDH9/FGF13/NEGR1/GABRB3/LRFN5/DRD1/LINGO4/CBLN2/SLITRK1/SNAP25",35
"BP","GO:0043434","response to peptide hormone","32/810","430/18870",0.00186185122067534,0.0185955263892142,0.0149367488009128,"FOS/PPARG/IL10/ASS1/GCNT1/CXCL12/CAV2/TRPV4/PTGS2/ADM/PCSK1/IL1B/ATP2B1/PRKCB/EREG/LEP/MAS1/TWIST2/AREG/CRHBP/SOCS3/INHBA/PRKCZ/TH/GRIA1/EGR2/SPINK1/CYP1B1/GLP2R/TRIM72/GAL/EGR1",32
"BP","GO:0007586","digestion","14/810","134/18870",0.00187061366723656,0.0186446791391505,0.0149762304624321,"HRH2/FGF10/SNX10/CTRB2/GCNT3/LEP/NPPC/SERPINA3/RBP4/CD36/PTGER3/SPINK1/SLC5A1/HAMP",14
"BP","GO:0045124","regulation of bone resorption","7/810","42/18870",0.00189823739171107,0.0188279582372995,0.015123448335818,"DCSTAMP/SPP1/SIGLEC15/TNFRSF11B/IL6/CALCA/HAMP",7
"BP","GO:0060047","heart contraction","21/810","243/18870",0.00190063855300304,0.0188279582372995,0.015123448335818,"TMIGD3/DSC2/MYL4/KCNE1/SCN1B/ADM/ATP2B1/CACNA2D1/TNNI2/PLN/TNNI3/SGCG/NOS1/GATA6/TH/KCNH6/CHRM2/FGF13/ACTC1/SCN1A/KCNJ3",21
"BP","GO:2001234","negative regulation of apoptotic signaling pathway","21/810","243/18870",0.00190063855300304,0.0188279582372995,0.015123448335818,"LGALS3/FGF10/IL1A/IL10/IGF1/SNAI1/HGF/FGG/CXCL12/SCG2/HMOX1/PTGS2/PLAUR/IL1B/ICAM1/TPT1/BMP5/THBS1/MAGEA3/SFRP2/PAK5",21
"BP","GO:0071346","cellular response to type II interferon","13/810","120/18870",0.00193813675530479,0.0191603173324836,0.0153904138528222,"PPARG/CCL8/ASS1/FASLG/HLA-DPA1/CCL24/CCL20/CCL13/IFNG/CCL7/XCL1/XCL2/CCL2",13
"BP","GO:0042531","positive regulation of tyrosine phosphorylation of STAT protein","9/810","66/18870",0.00195260125966546,0.0192640782813336,0.0154737592336347,"CD40/IGF1/FLT3/OSM/IL6/LEP/CRLF1/IFNG/TNFSF18",9
"BP","GO:0007631","feeding behavior","12/810","106/18870",0.00196268036201798,0.0193242403189356,0.0155220840416667,"FOS/TRH/CALCA/PPY/LEP/TH/NEGR1/GPR171/GAL/DRD1/TACR1/MCHR1",12
"BP","GO:0051092","positive regulation of NF-kappaB transcription factor activity","15/810","150/18870",0.00202710715171049,0.0199181743206533,0.0159991580863747,"TRIM58/CD40/S100A8/S100A9/CAPN3/IL1B/PRKCB/SLCO3A1/NTS/S100A12/CD36/PRKCZ/RFPL2/TNFSF18/LTF",15
"BP","GO:0071695","anatomical structure maturation","22/810","261/18870",0.00205672895287666,0.020161550003914,0.016194648193459,"TRIM58/EPB42/PPARG/SNX10/IGF1/FGG/KCNE1/GREM1/B4GALT6/NTN4/EREG/PTPRN/EPHA8/LEP/NPPC/BFSP1/ELSPBP1/SPINK1/CNGB1/LTF/GAL/C2CD6",22
"BP","GO:0006837","serotonin transport","5/810","22/18870",0.00206018310711606,0.020161550003914,0.016194648193459,"SLC18A2/SLC18A3/NOS1/SNCA/SLC22A2",5
"BP","GO:0010959","regulation of metal ion transport","30/810","398/18870",0.00209952770140488,0.0204320690233199,0.0164119410279915,"GLRX/LGALS3/CXCL12/FXYD5/LILRB2/KCNE1/SCN1B/PTGS2/CAPN3/ATP2B1/CACNA2D1/PLN/LILRA5/NOS1/SNCA/VIP/GRP/BDKRB1/KCNC2/IFNG/FGF13/SPINK1/KCNS2/XCL1/CCL2/GAL/DRD1/NKAIN2/HAMP/MCHR1",30
"BP","GO:2001233","regulation of apoptotic signaling pathway","30/810","398/18870",0.00209952770140488,0.0204320690233199,0.0164119410279915,"FAS/LGALS3/FGF10/S100A8/FCGR2B/IL1A/IL10/S100A9/IGF1/SNAI1/HGF/FGG/CTSC/CXCL12/SFRP1/TPD52L1/VNN1/SCG2/HMOX1/PTGS2/PLAUR/IL1B/ICAM1/TPT1/INHBA/BMP5/THBS1/MAGEA3/SFRP2/PAK5",30
"BP","GO:0042475","odontogenesis of dentin-containing tooth","11/810","93/18870",0.00210045373766721,0.0204320690233199,0.0164119410279915,"PERP/FGF10/KLK4/FAM20A/ITGB6/ADM/PRKCB/TNFRSF11B/GATA6/DMRT3/KLK5",11
"BP","GO:1901888","regulation of cell junction assembly","19/810","213/18870",0.00213779910713825,0.0207537537320982,0.0166703324059791,"SNAI1/IL1RAPL1/SFRP1/AMIGO2/IL1B/EFNA5/GREM1/GPBAR1/SLITRK6/DKK1/SNCA/SLITRK4/NEGR1/LRFN5/THBS1/LINGO4/CBLN2/SLITRK1/SNAP25",19
"BP","GO:0002702","positive regulation of production of molecular mediator of immune response","14/810","136/18870",0.00215107131925655,0.020840918530282,0.0167403470249527,"CD40/LACC1/IL10/PTPN22/CD28/IL1R1/IL1B/IL6/RBP4/CD36/PRKCZ/XCL1/TBX21/KLK5",14
"BP","GO:0002705","positive regulation of leukocyte mediated immunity","15/810","151/18870",0.00216383151554621,0.0209227852120743,0.0168061059626403,"CD40/CD28/FCGR1A/IL1R1/IL1B/STAP1/CRTAM/IL6/PRKCZ/XCL1/SLAMF6/KLRC1/TBX21/CD1C/CD177",15
"BP","GO:0072577","endothelial cell apoptotic process","9/810","67/18870",0.0021714999216957,0.0209551900992265,0.0168321350004413,"CD40/IL10/FGG/FASLG/SCG2/ICAM1/ITGA4/THBS1/CCL2",9
"BP","GO:0002437","inflammatory response to antigenic stimulus","10/810","80/18870",0.00218322088943225,0.0209999244524284,0.0168680676103907,"FCGR2B/FCGR3A/IL10/IL1RN/CD28/FCGR1A/CXCR2/IL36B/IL36RN/FCER1A",10
"BP","GO:1904037","positive regulation of epithelial cell apoptotic process","7/810","43/18870",0.00218478818468816,0.0209999244524284,0.0168680676103907,"CD40/FASLG/HMOX1/IL6/ITGA4/THBS1/CCL2",7
"BP","GO:0002367","cytokine production involved in immune response","13/810","122/18870",0.00224791129791998,0.0215639554152245,0.0173211222123894,"LACC1/IL10/IL1R1/ACP5/IL1B/IL6/CCR2/CD36/PRKCZ/TREM1/XCL1/CLC/TBX21",13
"BP","GO:0045104","intermediate filament cytoskeleton organization","11/810","94/18870",0.00228878391994243,0.0219127359909281,0.0176012781884496,"TCHH/KRT1/KRT17/KRT36/KRT14/KRT86/KRT6A/BFSP1/KRT81/KRT15/KRT16",11
"BP","GO:0001659","temperature homeostasis","17/810","183/18870",0.00234087989314,0.0223673838608298,0.0179664714550156,"LCN2/IL1A/PTGS2/IL1B/PRLR/LEP/CCR2/OXT/PTH2R/CD36/PLCL1/PTGER3/FABP4/ELOVL3/NPR3/DRD1/EGR1",17
"BP","GO:1902074","response to salt","28/810","366/18870",0.00235244796112176,0.0224337571773772,0.0180197854368628,"LGMN/PKD2L1/KCNMA1/FOS/MAPK13/IL1A/JUNB/FGG/DAB2/ALOX5AP/PTGS2/PCSK1/CAPN3/IL1B/KCNH1/PRKCB/SYT4/LEP/CRHBP/CD36/GRIA1/FABP4/CHRM2/CHRNA2/THBS1/DRD1/EGR1/SLC6A3",28
"BP","GO:0002524","hypersensitivity","4/810","14/18870",0.00238882788671546,0.0226030615245942,0.0181557781725537,"FCGR2B/FCGR3A/FCGR1A/FCER1A",4
"BP","GO:0050930","induction of positive chemotaxis","4/810","14/18870",0.00238882788671546,0.0226030615245942,0.0181557781725537,"FGF10/CXCL12/CXCL8/SCG2",4
"BP","GO:0070942","neutrophil mediated cytotoxicity","4/810","14/18870",0.00238882788671546,0.0226030615245942,0.0181557781725537,"CTSG/CXCL6/TREM1/DNASE1L3",4
"BP","GO:0072672","neutrophil extravasation","4/810","14/18870",0.00238882788671546,0.0226030615245942,0.0181557781725537,"JAML/IL1R1/PRTN3/CD177",4
"BP","GO:0050810","regulation of steroid biosynthetic process","10/810","81/18870",0.00239711795140782,0.0226373745839174,0.0181833399385922,"IL1A/SNAI1/DAB2/ADM/CES1/LEP/IFNG/BMP5/EGR1/MALRD1",10
"BP","GO:0007156","homophilic cell adhesion via plasma membrane adhesion molecules","16/810","168/18870",0.00241518442332736,0.0227405013158543,0.0182661758883448,"DSC2/PCDHA4/PCDH11X/AMIGO2/CDH19/TENM3/MYPN/DSC1/CDH7/CEACAM6/MYOT/CDH9/DSG1/NECTIN4/CNTN6/CDH18",16
"BP","GO:0007613","memory","13/810","123/18870",0.00241740805088192,0.0227405013158543,0.0182661758883448,"LGMN/PTGS2/SYT4/GRIN2A/PRKCZ/TH/GRIA1/SLC24A2/FGF13/DRD1/TACR1/PAK5/SNAP25",13
"BP","GO:0045103","intermediate filament-based process","11/810","95/18870",0.00249056601927616,0.023383379995293,0.0187825644617711,"TCHH/KRT1/KRT17/KRT36/KRT14/KRT86/KRT6A/BFSP1/KRT81/KRT15/KRT16",11
"BP","GO:0050855","regulation of B cell receptor signaling pathway","5/810","23/18870",0.00254055571411926,0.0238066745875191,0.0191225733897536,"FCGR2B/PTPN22/GCSAM/STAP1/PRKCB",5
"BP","GO:0052372","modulation by symbiont of entry into host","8/810","56/18870",0.00254754552956237,0.0238261772649244,0.0191382388023507,"TRIM58/CH25H/FCN1/IFITM2/CXCL8/KRT6A/HS3ST5/RFPL2",8
"BP","GO:0007260","tyrosine phosphorylation of STAT protein","10/810","82/18870",0.00262750639831098,0.0244796853309049,0.0196631653689137,"CD40/IGF1/FLT3/OSM/IL6/LEP/SOCS3/CRLF1/IFNG/TNFSF18",10
"BP","GO:0140029","exocytic process","10/810","82/18870",0.00262750639831098,0.0244796853309049,0.0196631653689137,"SYTL2/SLC18A2/VAMP8/ERC2/SNCA/UNC13C/RAB3C/CPLX3/NAPB/SNAP25",10
"BP","GO:0032715","negative regulation of interleukin-6 production","9/810","69/18870",0.00266772217982933,0.0247593182808634,0.0198877789153423,"CD200R1/IL10/PTPN22/C5AR2/HGF/NLRP12/IL36RN/ORM1/BPI",9
"BP","GO:0045576","mast cell activation","9/810","69/18870",0.00266772217982933,0.0247593182808634,0.0198877789153423,"IL13RA2/SLC18A2/VAMP8/S100A12/CD300LF/PTGDS/GRP/NDRG1/FCER1A",9
"BP","GO:0050803","regulation of synapse structure or activity","21/810","250/18870",0.00267632063547323,0.0247917182530287,0.0199138040052086,"FCGR2B/IL10/SRGN/IL1RAPL1/LILRB2/AMIGO2/ZNF804A/EFNA5/DNM3/SLITRK6/DKK1/SLC18A3/SNCA/SLC17A6/SLITRK4/NEGR1/LRFN5/LINGO4/CBLN2/SLITRK1/SNAP25",21
"BP","GO:0050728","negative regulation of inflammatory response","18/810","202/18870",0.00279190595426315,0.0258131647657016,0.0207342749966731,"CD200R1/PPARG/FCGR2B/IL10/IGF1/CCN3/KRT1/HGF/FPR2/CST7/ACP5/ZFP36/PTGER4/NLRP12/SAA1/SOCS3/LRFN5/HAMP",18
"BP","GO:0030574","collagen catabolic process","7/810","45/18870",0.00285701104121967,0.0262836276897519,0.0211121716138271,"RETREG1/MMP10/MMP8/MMP19/PRTN3/MMP3/KLK6",7
"BP","GO:1905521","regulation of macrophage migration","7/810","45/18870",0.00285701104121967,0.0262836276897519,0.0211121716138271,"CD200R1/TRPV4/STAP1/C5AR1/CCR2/TNFSF18/THBS1",7
"BP","GO:0045861","negative regulation of proteolysis","20/810","235/18870",0.00287395990919109,0.0262836276897519,0.0211121716138271,"IL10/HGF/CSTA/SPOCK1/SERPINI1/PLAU/CST7/PLAUR/IL1R2/CST1/KNG1/CR1/SERPINB2/SNCA/SERPINA3/SPOCK3/SFN/LTF/THBS1/MAGEA3",20
"BP","GO:0019935","cyclic-nucleotide-mediated signaling","10/810","83/18870",0.0028752794197071,0.0262836276897519,0.0211121716138271,"ADM/GUCY1B1/OR51E2/NPPC/CD36/KCNC2/GUCY2D/THBS1/GAL/HTR2B",10
"BP","GO:0031424","keratinization","10/810","83/18870",0.0028752794197071,0.0262836276897519,0.0211121716138271,"TCHH/IL1A/KRT1/KRT17/KRT86/KRT6A/KRT81/SFN/KRT16/KLK5",10
"BP","GO:0042310","vasoconstriction","10/810","83/18870",0.0028752794197071,0.0262836276897519,0.0211121716138271,"HRH2/FGG/PTGS2/ADM/ATP2B1/LEP/AVPR2/HTR7/HTR2B/TACR1",10
"BP","GO:1902624","positive regulation of neutrophil migration","6/810","34/18870",0.00294880450269024,0.0269050696542451,0.021611341270211,"IL1A/CXCR2/CXCL8/IL1R1/C5AR1/XCL1",6
"BP","GO:1904064","positive regulation of cation transmembrane transport","14/810","141/18870",0.00300713784849379,0.0273858294870335,0.0219975088196327,"GLRX/KCNE1/SCN1B/CAPN3/CACNA2D1/NOS1/SNCA/BDKRB1/KCNC2/IFNG/FGF13/XCL1/GAL/DRD1",14
"BP","GO:0006925","inflammatory cell apoptotic process","5/810","24/18870",0.00309722199700579,0.0281007767728338,0.0225717860834421,"HCAR2/CXCR2/FASLG/IL6/MIAT",5
"BP","GO:2000353","positive regulation of endothelial cell apoptotic process","5/810","24/18870",0.00309722199700579,0.0281007767728338,0.0225717860834421,"CD40/FASLG/ITGA4/THBS1/CCL2",5
"BP","GO:0031589","cell-substrate adhesion","27/810","356/18870",0.00314052304619641,0.0282430018797105,0.0226860275762686,"ITGAD/FGL1/FGG/DAB2/SFRP1/SPOCK1/PLAU/ITGB6/SKAP1/LYVE1/EFNA5/CCL28/OTOA/GREM1/NTN4/EDIL3/CEACAM6/ITGA4/TACSTD2/CD36/SIGLEC1/PRKCZ/COL17A1/THBS1/EGFL6/MSLN/COL8A1",27
"BP","GO:0060395","SMAD protein signal transduction","10/810","84/18870",0.00314135296026327,0.0282430018797105,0.0226860275762686,"FOS/PPARG/CCN3/DAB2/ITGB6/INHBA/BMP5/HNF4A/AFP/GDF6",10
"BP","GO:0010838","positive regulation of keratinocyte proliferation","4/810","15/18870",0.00314780882095661,0.0282430018797105,0.0226860275762686,"FGF10/LRG1/FGF7/AREG",4
"BP","GO:0032352","positive regulation of hormone metabolic process","4/810","15/18870",0.00314780882095661,0.0282430018797105,0.0226860275762686,"DAB2/ADM/PAX8/EGR1",4
"BP","GO:2000052","positive regulation of non-canonical Wnt signaling pathway","4/810","15/18870",0.00314780882095661,0.0282430018797105,0.0226860275762686,"DAB2/SFRP1/RSPO3/DKK1",4
"BP","GO:2000402","negative regulation of lymphocyte migration","4/810","15/18870",0.00314780882095661,0.0282430018797105,0.0226860275762686,"ADTRP/CD200R1/GCSAM/CCL2",4
"BP","GO:0002275","myeloid cell activation involved in immune response","11/810","98/18870",0.00318361082039494,0.0283984028117485,0.022810852474295,"IL13RA2/SLC18A2/FCER1G/VAMP8/PTGDS/CCR2/GRP/FCER1A/IFNG/CD177/DNASE1L3",11
"BP","GO:0001706","endoderm formation","8/810","58/18870",0.00318909000733088,0.0283984028117485,0.022810852474295,"DUSP1/DUSP2/DKK1/MMP8/ITGA4/GATA6/INHBA/COL8A1",8
"BP","GO:0045428","regulation of nitric oxide biosynthetic process","8/810","58/18870",0.00318909000733088,0.0283984028117485,0.022810852474295,"HBB/IL10/ASS1/PTGS2/ACP5/IL1B/CD36/IFNG",8
"BP","GO:0051932","synaptic transmission, GABAergic","8/810","58/18870",0.00318909000733088,0.0283984028117485,0.022810852474295,"NPS/GABRB2/GABRA2/PLCL1/GABRB3/GABRA4/TACR1/CNTNAP4",8
"BP","GO:1901653","cellular response to peptide","28/810","374/18870",0.00319438152765032,0.0283984028117485,0.022810852474295,"LGMN/FOS/PPARG/FCGR2B/IGF1/PTPN22/ASS1/CAV2/FPR2/IL1B/ATP2B1/CACNA2D1/PRKCB/LEP/ICAM1/ITGA4/MAS1/CRHBP/SOCS3/CD36/INHBA/PRKCZ/GRIA1/SPINK1/CYP1B1/KLF1/GLP2R/TRIM72",28
"BP","GO:0032768","regulation of monooxygenase activity","7/810","46/18870",0.00324739540798895,0.0286797395740009,0.0230368345980741,"IL1A/IL1B/LEP/SNCA/IFNG/NPR3/HTR2B",7
"BP","GO:0097028","dendritic cell differentiation","7/810","46/18870",0.00324739540798895,0.0286797395740009,0.0230368345980741,"DCSTAMP/FCGR2B/FLT3/LILRB2/ITGB6/BATF/PRTN3",7
"BP","GO:1902622","regulation of neutrophil migration","7/810","46/18870",0.00324739540798895,0.0286797395740009,0.0230368345980741,"IL1A/C5AR2/CXCR2/CXCL8/IL1R1/C5AR1/XCL1",7
"BP","GO:0042698","ovulation cycle","9/810","71/18870",0.00324966146800587,0.0286797395740009,0.0230368345980741,"EREG/PTPRN/GPR149/LEP/NPPC/INHBA/CYP1B1/EGR1/AFP",9
"BP","GO:0007548","sex differentiation","23/810","288/18870",0.00327334125371272,0.0288362948194583,0.0231625866916648,"FGF10/IL1A/SFRP1/KCNE1/TFAP2C/EREG/PTPRN/GPR149/LEP/NPPC/MAS1/GATA6/DMRT3/RBP4/ZFPM2/INHBA/DACH2/CYP1B1/BMP5/DMRT2/HNF4A/SFRP2/AFP",23
"BP","GO:0003015","heart process","21/810","255/18870",0.00338072670186075,0.0297283467587538,0.023879122241976,"TMIGD3/DSC2/MYL4/KCNE1/SCN1B/ADM/ATP2B1/CACNA2D1/TNNI2/PLN/TNNI3/SGCG/NOS1/GATA6/TH/KCNH6/CHRM2/FGF13/ACTC1/SCN1A/KCNJ3",21
"BP","GO:0098773","skin epidermis development","13/810","128/18870",0.00342942797551358,0.0300151438705839,0.0241094903599078,"FGF10/KRT1/SNAI1/KRT17/FGF7/DKK1/GATA6/INHBA/SFN/MET/FLG2/KRT16/GAL",13
"BP","GO:0007259","receptor signaling pathway via JAK-STAT","16/810","174/18870",0.00343100516876946,0.0300151438705839,0.0241094903599078,"CD40/IL10/IGF1/FLT3/OSM/IL6/PRLR/LEP/CCR2/SOCS3/CRLF1/IFNG/CYP1B1/TNFSF18/CCL2/HAMP",16
"BP","GO:0002446","neutrophil mediated immunity","6/810","35/18870",0.00343189222253276,0.0300151438705839,0.0241094903599078,"CTSG/IL6/CXCL6/TREM1/CD177/DNASE1L3",6
"BP","GO:0051588","regulation of neurotransmitter transport","11/810","99/18870",0.00344627585717569,0.0300867320336885,0.0241669931370291,"KMO/TACR2/PRKCB/MCTP2/SYT4/SLC18A3/NOS1/SNCA/RIMS2/DRD1/CPLX3",11
"BP","GO:0007160","cell-matrix adhesion","20/810","239/18870",0.00348415667632767,0.030362830353491,0.02438876751227,"ITGAD/FGL1/FGG/SFRP1/PLAU/ITGB6/SKAP1/LYVE1/EFNA5/CCL28/OTOA/GREM1/CEACAM6/ITGA4/CD36/SIGLEC1/PRKCZ/COL17A1/THBS1/MSLN",20
"BP","GO:0043616","keratinocyte proliferation","8/810","59/18870",0.00355360088973861,0.03085720701036,0.0247858726967175,"FGF10/LRG1/ZFP36/FGF7/EREG/SDR16C5/AREG/SFN",8
"BP","GO:0051480","regulation of cytosolic calcium ion concentration","8/810","59/18870",0.00355360088973861,0.03085720701036,0.0247858726967175,"CAV2/ATP2B1/PLN/ERC2/CALCA/TUNAR/GRIA1/CNGB1",8
"BP","GO:0071260","cellular response to mechanical stimulus","9/810","72/18870",0.00357581699602908,0.0309946708905807,0.0248962897618266,"FAS/CD40/PTGS2/TNFSF14/IL1B/PTGER4/ANKRD1/CASP5/TLR8",9
"BP","GO:0002708","positive regulation of lymphocyte mediated immunity","13/810","129/18870",0.0036681447355599,0.0316472737754788,0.0254204892469311,"CD40/CD28/FCGR1A/IL1R1/IL1B/CRTAM/IL6/PRKCZ/XCL1/SLAMF6/KLRC1/TBX21/CD1C",13
"BP","GO:0002701","negative regulation of production of molecular mediator of immune response","7/810","47/18870",0.00367718632249073,0.0316472737754788,0.0254204892469311,"FCGR2B/IL10/IL13RA2/ACP5/CR1/XCL1/TBX21",7
"BP","GO:0016339","calcium-dependent cell-cell adhesion via plasma membrane cell adhesion molecules","7/810","47/18870",0.00367718632249073,0.0316472737754788,0.0254204892469311,"FXYD5/CDH19/CDH7/SELP/CDH9/DSG1/CDH18",7
"BP","GO:0072538","T-helper 17 type immune response","7/810","47/18870",0.00367718632249073,0.0316472737754788,0.0254204892469311,"JUNB/BATF/IL6/SOCS3/TNFSF18/SLAMF6/TBX21",7
"BP","GO:0007611","learning or memory","22/810","274/18870",0.00372380247828893,0.0319028014641392,0.0256257403819252,"LGMN/FOS/LILRB2/PTGS2/NPS/TACR2/SYT4/DKK1/AFF2/GRIN2A/CRHBP/VIP/PRKCZ/TH/GRIA1/EGR2/SLC24A2/FGF13/DRD1/TACR1/PAK5/SNAP25",22
"BP","GO:0008625","extrinsic apoptotic signaling pathway via death domain receptors","10/810","86/18870",0.00373217431053321,0.0319028014641392,0.0256257403819252,"LGALS3/HGF/FGG/SFRP1/FASLG/HMOX1/ICAM1/BMP5/THBS1/SFRP2",10
"BP","GO:0033273","response to vitamin","10/810","86/18870",0.00373217431053321,0.0319028014641392,0.0256257403819252,"FOLR2/CD40/IL1A/SPP1/SFRP1/PTGS2/LRAT/PRKCB/LEP/CYP26A1",10
"BP","GO:0070482","response to oxygen levels","26/810","343/18870",0.00373316671438629,0.0319028014641392,0.0256257403819252,"FAS/KCNMA1/FOS/PPARG/IL1A/PDLIM1/CXCL12/SFRP1/ALAS2/HMOX1/PLAU/TRPV4/PTGS2/ADM/DIO3/CYGB/GUCY1B1/LEP/NPPC/NOS1/GATA6/NDRG1/TH/THBS1/EGR1/SLC39A12",26
"BP","GO:0032612","interleukin-1 production","13/810","130/18870",0.00392015211594716,0.0333247256931831,0.0267678927780778,"IL10/IGF1/ACP5/IL1R2/NLRP12/IL6/LILRA5/SAA1/CD36/IFNG/TLR8/ORM1/EGR1",13
"BP","GO:0032652","regulation of interleukin-1 production","13/810","130/18870",0.00392015211594716,0.0333247256931831,0.0267678927780778,"IL10/IGF1/ACP5/IL1R2/NLRP12/IL6/LILRA5/SAA1/CD36/IFNG/TLR8/ORM1/EGR1",13
"BP","GO:0045621","positive regulation of lymphocyte differentiation","13/810","130/18870",0.00392015211594716,0.0333247256931831,0.0267678927780778,"IL10/LILRB2/VNN1/TNFSF9/TOX/IL36B/CD80/CR1/PRKCZ/IL1RL2/IFNG/EGR3/TESPA1",13
"BP","GO:0032732","positive regulation of interleukin-1 production","9/810","73/18870",0.00392710695600159,0.0333254845532023,0.0267685023279902,"NLRP12/IL6/LILRA5/SAA1/CD36/IFNG/TLR8/ORM1/EGR1",9
"BP","GO:0080164","regulation of nitric oxide metabolic process","8/810","60/18870",0.00394954772975812,0.0334574252709353,0.0268744829448408,"HBB/IL10/ASS1/PTGS2/ACP5/IL1B/CD36/IFNG",8
"BP","GO:0032354","response to follicle-stimulating hormone","4/810","16/18870",0.00405597952382842,0.0342043539208532,0.0274744490540282,"EFNA5/EPHA8/INHBA/CYP1B1",4
"BP","GO:0045779","negative regulation of bone resorption","4/810","16/18870",0.00405597952382842,0.0342043539208532,0.0274744490540282,"TNFRSF11B/IL6/CALCA/HAMP",4
"BP","GO:0033077","T cell differentiation in thymus","10/810","87/18870",0.00405886029221496,0.0342043539208532,0.0274744490540282,"IL1A/CD28/MAFB/VNN1/IL1B/TOX/EGR3/CLEC4G/TESPA1/CD3D",10
"BP","GO:0043277","apoptotic cell clearance","7/810","48/18870",0.00414885515152856,0.034841769732733,0.0279864496107481,"FCN1/TIMD4/CD300LF/CCR2/CD36/THBS1/CCL2",7
"BP","GO:0070509","calcium ion import","7/810","48/18870",0.00414885515152856,0.034841769732733,0.0279864496107481,"LGALS3/CXCL12/TRPV4/PLN/SLC24A2/SPINK1/CCL2",7
"BP","GO:0002757","immune response-activating signaling pathway","33/810","473/18870",0.00437524823927329,0.036572784298426,0.029376877028467,"LGALS3/FPR3/CD40/LY96/FCGR2B/LACC1/PTPN22/CD28/C5AR2/GCSAM/FCN1/FPR2/FBXL2/THEMIS/CD14/FCER1G/SKAP1/STAP1/C5AR1/PRKCB/CR1/CD300LF/FPR1/CD36/TNIP3/CD8B/TRAT1/TREML4/TLR8/LTF/TESPA1/KLRC1/CD3D",33
"BP","GO:0006940","regulation of smooth muscle contraction","8/810","61/18870",0.00437867780078045,0.036572784298426,0.029376877028467,"PTGS2/ATP2B1/TACR2/CALCA/TNNI3/KCNB2/CHRM2/TACR1",8
"BP","GO:2000351","regulation of endothelial cell apoptotic process","8/810","61/18870",0.00437867780078045,0.036572784298426,0.029376877028467,"CD40/FGG/FASLG/SCG2/ICAM1/ITGA4/THBS1/CCL2",8
"BP","GO:0050807","regulation of synapse organization","20/810","244/18870",0.0043952711556497,0.036572784298426,0.029376877028467,"FCGR2B/IL10/SRGN/IL1RAPL1/LILRB2/AMIGO2/ZNF804A/EFNA5/DNM3/SLITRK6/DKK1/SLC18A3/SNCA/SLITRK4/NEGR1/LRFN5/LINGO4/CBLN2/SLITRK1/SNAP25",20
"BP","GO:0051091","positive regulation of DNA-binding transcription factor activity","20/810","244/18870",0.0043952711556497,0.036572784298426,0.029376877028467,"TRIM58/PPARG/CD40/S100A8/IL10/S100A9/WNT2/CAPN3/IL1B/PRKCB/SLCO3A1/IL6/NTS/S100A12/CD36/PRKCZ/RFPL2/TNFSF18/LTF/CSF3",20
"BP","GO:0001892","embryonic placenta development","10/810","88/18870",0.00440772122261623,0.036572784298426,0.029376877028467,"IL10/SNAI1/JUNB/WNT2/ADM/RSPO3/SOCS3/GJB5/BMP5/ST14",10
"BP","GO:0033627","cell adhesion mediated by integrin","10/810","88/18870",0.00440772122261623,0.036572784298426,0.029376877028467,"ITGAD/CCN3/PLAU/ITGB6/SKAP1/EPHA8/ICAM1/ITGA4/CYP1B1/SFRP2",10
"BP","GO:0002438","acute inflammatory response to antigenic stimulus","5/810","26/18870",0.00446543838236273,0.036681516037183,0.0294642151674638,"FCGR2B/FCGR3A/FCGR1A/CXCR2/FCER1A",5
"BP","GO:0043931","ossification involved in bone maturation","5/810","26/18870",0.00446543838236273,0.036681516037183,0.0294642151674638,"SNX10/IGF1/GREM1/LEP/LTF",5
"BP","GO:0060391","positive regulation of SMAD protein signal transduction","5/810","26/18870",0.00446543838236273,0.036681516037183,0.0294642151674638,"PPARG/DAB2/INHBA/BMP5/GDF6",5
"BP","GO:0097186","amelogenesis","5/810","26/18870",0.00446543838236273,0.036681516037183,0.0294642151674638,"PERP/KLK4/FAM20A/ITGB6/KLK5",5
"BP","GO:2000050","regulation of non-canonical Wnt signaling pathway","5/810","26/18870",0.00446543838236273,0.036681516037183,0.0294642151674638,"DAB2/SFRP1/RSPO3/DKK1/SFRP2",5
"BP","GO:0042476","odontogenesis","13/810","132/18870",0.00446616728017617,0.036681516037183,0.0294642151674638,"PERP/FGF10/SNX10/KLK4/FAM20A/ITGB6/ADM/PRKCB/TNFRSF11B/GATA6/DMRT3/INHBA/KLK5",13
"BP","GO:0060078","regulation of postsynaptic membrane potential","14/810","148/18870",0.00465634095066881,0.0381788496191662,0.0306669396893266,"GABRB2/GABRA2/GRIN2A/SNCA/HTR3A/CHRNA6/CHRNE/GLRA3/PRKCZ/GRIA1/RIMS2/GABRA4/CHRNA2/CELF4",14
"BP","GO:0006911","phagocytosis, engulfment","7/810","49/18870",0.00466490783337095,0.0381845912701224,0.0306715516371812,"FCGR2B/FCGR1A/MSR1/STAP1/TIMD4/CD36/THBS1",7
"BP","GO:0061045","negative regulation of wound healing","9/810","75/18870",0.00471027021603132,0.0384909960077711,0.0309176694669148,"ADTRP/KRT1/FGG/PLAU/PLAUR/KNG1/SERPINB2/TSPAN8/THBS1",9
"BP","GO:0051928","positive regulation of calcium ion transport","12/810","118/18870",0.00477915665611202,0.0389882796786013,0.0313171096934789,"LGALS3/CXCL12/CAPN3/ATP2B1/CACNA2D1/LILRA5/SNCA/BDKRB1/XCL1/CCL2/DRD1/MCHR1",12
"BP","GO:0032731","positive regulation of interleukin-1 beta production","8/810","62/18870",0.00484276616718781,0.0394409177441772,0.0316806885963681,"NLRP12/IL6/LILRA5/CD36/IFNG/TLR8/ORM1/EGR1",8
"BP","GO:0036293","response to decreased oxygen levels","24/810","315/18870",0.00488616088033595,0.0397276799215254,0.0319110286533798,"KCNMA1/FOS/PPARG/IL1A/PDLIM1/CXCL12/SFRP1/ALAS2/HMOX1/PLAU/TRPV4/PTGS2/ADM/DIO3/CYGB/LEP/NPPC/NOS1/GATA6/NDRG1/TH/THBS1/EGR1/SLC39A12",24
"BP","GO:0001666","response to hypoxia","23/810","298/18870",0.00496154076289841,0.0402731084667373,0.0323491409712651,"KCNMA1/FOS/PPARG/IL1A/PDLIM1/CXCL12/SFRP1/ALAS2/HMOX1/PLAU/TRPV4/PTGS2/ADM/DIO3/CYGB/LEP/NPPC/NOS1/GATA6/NDRG1/TH/THBS1/EGR1",23
"BP","GO:0050796","regulation of insulin secretion","15/810","165/18870",0.00502763369456305,0.0407002882759005,0.0326922706772354,"ACSL4/CCN3/TRH/SFRP1/IL1B/PRKCB/EFNA5/IL6/LEP/GPR27/RBP4/TUNAR/IFNG/HNF4A/SNAP25",15
"BP","GO:0033002","muscle cell proliferation","20/810","247/18870",0.00503093798218794,0.0407002882759005,0.0326922706772354,"FOS/PPARG/IL10/IGF1/CCN3/HGF/CAV2/WNT2/HMOX1/PTGS2/IL6/EREG/NPPC/GATA6/VIP/RBP4/ZFPM2/IFNG/THBS1/TACR1",20
"BP","GO:0001956","positive regulation of neurotransmitter secretion","4/810","17/18870",0.0051259448342987,0.040954508888803,0.0328964719112021,"KMO/TACR2/SLC18A3/SNCA",4
"BP","GO:0031649","heat generation","4/810","17/18870",0.0051259448342987,0.040954508888803,0.0328964719112021,"IL1A/PTGS2/IL1B/PTGER3",4
"BP","GO:0032310","prostaglandin secretion","4/810","17/18870",0.0051259448342987,0.040954508888803,0.0328964719112021,"IL1A/PTGS2/IL1B/LEP",4
"BP","GO:0050872","white fat cell differentiation","4/810","17/18870",0.0051259448342987,0.040954508888803,0.0328964719112021,"PPARG/FGF10/RETREG1/FABP4",4
"BP","GO:0090494","dopamine uptake","4/810","17/18870",0.0051259448342987,0.040954508888803,0.0328964719112021,"SNCA/DRD1/SLC22A2/SLC6A3",4
"BP","GO:1904948","midbrain dopaminergic neuron differentiation","4/810","17/18870",0.0051259448342987,0.040954508888803,0.0328964719112021,"WNT2/SFRP1/DKK1/SFRP2",4
"BP","GO:2000310","regulation of NMDA receptor activity","4/810","17/18870",0.0051259448342987,0.040954508888803,0.0328964719112021,"CCR2/CRHBP/IFNG/CCL2",4
"BP","GO:0045216","cell-cell junction organization","18/810","214/18870",0.0051298601986799,0.040954508888803,0.0328964719112021,"PERP/SNAI1/SVEP1/CDH19/TRPV4/IL1B/CDH7/GPBAR1/CLDN14/CDH9/DSG1/PRTN3/CLDN16/CD177/CDH18/UGT8/CLDN11/GJB1",18
"BP","GO:0042267","natural killer cell mediated cytotoxicity","9/810","76/18870",0.00514478917442183,0.0410062506611553,0.0329380331899723,"FCGR3A/GZMB/CLEC12B/NKG7/CRTAM/SLAMF7/LEP/SLAMF6/KLRC1",9
"BP","GO:0022602","ovulation cycle process","7/810","50/18870",0.00522787822128546,0.0414816780540729,0.0333199174879722,"EREG/PTPRN/GPR149/LEP/NPPC/INHBA/AFP",7
"BP","GO:0045429","positive regulation of nitric oxide biosynthetic process","6/810","38/18870",0.00523519022600542,0.0414816780540729,0.0333199174879722,"HBB/ASS1/PTGS2/IL1B/CD36/IFNG",6
"BP","GO:0086091","regulation of heart rate by cardiac conduction","6/810","38/18870",0.00523519022600542,0.0414816780540729,0.0333199174879722,"DSC2/KCNE1/SCN1B/CACNA2D1/KCNH6/KCNJ3",6
"BP","GO:0007612","learning","14/810","150/18870",0.00524253440171641,0.0414816780540729,0.0333199174879722,"LGMN/FOS/PTGS2/NPS/TACR2/DKK1/GRIN2A/TH/SLC24A2/FGF13/DRD1/TACR1/PAK5/SNAP25",14
"BP","GO:0050890","cognition","24/810","317/18870",0.00528049653834594,0.0414816780540729,0.0333199174879722,"LGMN/FOS/LILRB2/PTGS2/NPS/C5AR1/TACR2/SYT4/DKK1/AFF2/GRIN2A/CRHBP/VIP/PRKCZ/TH/GRIA1/EGR2/SLC24A2/FGF13/DRD1/TUSC3/TACR1/PAK5/SNAP25",24
"BP","GO:2000146","negative regulation of cell motility","28/810","388/18870",0.00528359212469243,0.0414816780540729,0.0333199174879722,"TMIGD3/ADTRP/CD200R1/PPARG/DUSP1/CCN3/C5AR2/GCSAM/CXCL12/SFRP1/HMOX1/STAP1/PTGER4/CCL28/GREM1/TMEFF2/CYGB/STK26/TACSTD2/ALOX15B/SPOCK3/CYP1B1/BMP5/KRT16/THBS1/CCL2/SFRP2/HAS1",28
"BP","GO:0010818","T cell chemotaxis","5/810","27/18870",0.00528989672753835,0.0414816780540729,0.0333199174879722,"TNFSF14/S100A7/CCR2/XCL1/XCL2",5
"BP","GO:0033081","regulation of T cell differentiation in thymus","5/810","27/18870",0.00528989672753835,0.0414816780540729,0.0333199174879722,"VNN1/TOX/EGR3/CLEC4G/TESPA1",5
"BP","GO:0035929","steroid hormone secretion","5/810","27/18870",0.00528989672753835,0.0414816780540729,0.0333199174879722,"SPP1/DAB2/SELENOM/INHBA/GAL",5
"BP","GO:0045940","positive regulation of steroid metabolic process","5/810","27/18870",0.00528989672753835,0.0414816780540729,0.0333199174879722,"IL1A/DAB2/ADM/CES1/IFNG",5
"BP","GO:0051965","positive regulation of synapse assembly","8/810","63/18870",0.00534361228468415,0.0417679452976761,0.0335498599923215,"IL1RAPL1/AMIGO2/EFNA5/SLITRK6/SLITRK4/LINGO4/CBLN2/SLITRK1",8
"BP","GO:0071715","icosanoid transport","8/810","63/18870",0.00534361228468415,0.0417679452976761,0.0335498599923215,"IL1A/PLA2G2C/PTGS2/PLA2G2A/IL1B/SLCO3A1/LEP/SLC22A2",8
"BP","GO:0002718","regulation of cytokine production involved in immune response","12/810","120/18870",0.00546643519889289,0.0425908129300579,0.0342108236490653,"LACC1/IL10/IL1R1/ACP5/IL1B/IL6/CCR2/CD36/PRKCZ/XCL1/CLC/TBX21",12
"BP","GO:0046660","female sex differentiation","12/810","120/18870",0.00546643519889289,0.0425908129300579,0.0342108236490653,"FGF10/SFRP1/EREG/PTPRN/GPR149/LEP/NPPC/RBP4/ZFPM2/INHBA/DACH2/AFP",12
"BP","GO:0001890","placenta development","14/810","151/18870",0.00555714637548563,0.0432281867093065,0.0347227904433178,"PPARG/IL10/SPP1/SNAI1/JUNB/WNT2/PTGS2/ADM/RSPO3/LEP/SOCS3/GJB5/BMP5/ST14",14
"BP","GO:0032729","positive regulation of type II interferon production","9/810","77/18870",0.00560973009032141,0.0434978112754315,0.0349393648134362,"PTPN22/IL1R1/CD14/HLA-DPA1/IL1B/CRTAM/CCR2/TLR8/SLAMF6",9
"BP","GO:0032890","regulation of organic acid transport","9/810","77/18870",0.00560973009032141,0.0434978112754315,0.0349393648134362,"IL1A/TRH/KMO/IL1B/CES1/SYT4/LEP/SNCA/THBS1",9
"BP","GO:0030316","osteoclast differentiation","11/810","106/18870",0.00580751179375697,0.0448879972084336,0.036056023607234,"DCSTAMP/FOS/SNX10/JUNB/MAFB/SFRP1/SIGLEC15/LILRB3/TNFRSF11B/IFNG/LTF",11
"BP","GO:0032963","collagen metabolic process","11/810","106/18870",0.00580751179375697,0.0448879972084336,0.036056023607234,"RETREG1/IL6/CYGB/MMP10/NPPC/MMP8/MMP19/INHBA/PRTN3/MMP3/KLK6",11
"BP","GO:0035094","response to nicotine","7/810","51/18870",0.00584032131126803,0.045069824554682,0.0362020753693193,"HMOX1/KCNK1/CHRNA6/TH/CHRNA2/SLC6A3/TACR1",7
"BP","GO:0030336","negative regulation of cell migration","27/810","373/18870",0.00585349612426822,0.0450997939479332,0.0362261481107594,"TMIGD3/ADTRP/CD200R1/PPARG/DUSP1/CCN3/C5AR2/GCSAM/CXCL12/SFRP1/HMOX1/STAP1/PTGER4/CCL28/GREM1/TMEFF2/CYGB/STK26/TACSTD2/ALOX15B/CYP1B1/BMP5/KRT16/THBS1/CCL2/SFRP2/HAS1",27
"BP","GO:0019229","regulation of vasoconstriction","8/810","64/18870",0.00588303649581362,0.0452555612530576,0.036351267295844,"HRH2/FGG/PTGS2/ADM/ATP2B1/LEP/AVPR2/TACR1",8
"BP","GO:0034764","positive regulation of transmembrane transport","18/810","217/18870",0.00591485205296478,0.0453565432307915,0.0364323804842131,"GLRX/IGF1/ITLN1/KCNE1/SCN1B/CAPN3/CACNA2D1/NOS1/CCR2/SNCA/BDKRB1/KCNC2/IFNG/FGF13/XCL1/CCL2/GAL/DRD1",18
"BP","GO:0071805","potassium ion transmembrane transport","18/810","217/18870",0.00591485205296478,0.0453565432307915,0.0364323804842131,"PKD2L1/KCNMA1/KCNE1/KCNJ15/KCNH1/KCNA4/KCNK1/KCNB2/GRP/SLC17A6/KCNC2/SLC24A2/KCNH6/KCNH5/KCNS2/GAL/KCNJ3/SNAP25",18
"BP","GO:0032350","regulation of hormone metabolic process","6/810","39/18870",0.00596707983710586,0.0456129220934045,0.0366383153197515,"DAB2/ADM/PAX8/BMP5/GAL/EGR1",6
"BP","GO:1904407","positive regulation of nitric oxide metabolic process","6/810","39/18870",0.00596707983710586,0.0456129220934045,0.0366383153197515,"HBB/ASS1/PTGS2/IL1B/CD36/IFNG",6
"BP","GO:2000514","regulation of CD4-positive, alpha-beta T cell activation","9/810","78/18870",0.00610646276663604,0.0466049847000807,0.03743518385902,"CD28/JUNB/CD80/BATF/PRKCZ/IFNG/XCL1/TNFSF18/TBX21",9
"BP","GO:0030198","extracellular matrix organization","24/810","321/18870",0.00614871808918841,0.0467803724215056,0.037576063029787,"ADTRP/CTSG/IBSP/KLK4/CAV2/TPSAB1/TNFRSF11B/GREM1/IL6/NTN4/MMP10/MMP8/MMP19/ANGPTL7/COL10A1/CYP1B1/LOX/COL17A1/SFRP2/EGFL6/MMP3/KLK5/COL8A1/HAS1",24
"BP","GO:0031348","negative regulation of defense response","24/810","321/18870",0.00614871808918841,0.0467803724215056,0.037576063029787,"CD200R1/PPARG/FCGR2B/IL10/IGF1/VSIG4/PTPN22/CCN3/KRT1/HGF/FPR2/FBXL2/CLEC12B/CST7/ACP5/ZFP36/PTGER4/NLRP12/CR1/SAA1/SOCS3/LRFN5/KLRC1/HAMP",24
"BP","GO:0010758","regulation of macrophage chemotaxis","5/810","28/18870",0.00621639151632509,0.0469274718821803,0.0376942198190523,"TRPV4/STAP1/C5AR1/TNFSF18/THBS1",5
"BP","GO:0032703","negative regulation of interleukin-2 production","5/810","28/18870",0.00621639151632509,0.0469274718821803,0.0376942198190523,"VSIG4/ZFP36/CR1/XCL1/TBX21",5
"BP","GO:0071624","positive regulation of granulocyte chemotaxis","5/810","28/18870",0.00621639151632509,0.0469274718821803,0.0376942198190523,"CXCR2/CXCL8/C5AR1/S100A7/XCL1",5
"BP","GO:0090594","inflammatory response to wounding","5/810","28/18870",0.00621639151632509,0.0469274718821803,0.0376942198190523,"PPARG/IL1A/HMOX1/IL6/CCR2",5
"BP","GO:0099625","ventricular cardiac muscle cell membrane repolarization","5/810","28/18870",0.00621639151632509,0.0469274718821803,0.0376942198190523,"KCNE1/SCN1B/CACNA2D1/KCNH6/KCNJ3",5
"BP","GO:0002573","myeloid leukocyte differentiation","19/810","235/18870",0.00625326110048463,0.0471324990399882,0.0378589066953172,"DCSTAMP/FOS/PPARG/SNX10/JUNB/MAFB/SFRP1/SIGLEC15/ITGB6/LILRB3/BATF/TNFRSF11B/CEBPE/INHBA/IFNG/TSPAN2/LTF/PRTN3/CSF3",19
"BP","GO:0002693","positive regulation of cellular extravasation","4/810","18/18870",0.00636964340173764,0.0477133473333866,0.0383254697206567,"IL1R1/LYVE1/ICAM1/CCR2",4
"BP","GO:0020027","hemoglobin metabolic process","4/810","18/18870",0.00636964340173764,0.0477133473333866,0.0383254697206567,"EPB42/AHSP/ALAS2/INHBA",4
"BP","GO:0043117","positive regulation of vascular permeability","4/810","18/18870",0.00636964340173764,0.0477133473333866,0.0383254697206567,"CXCR2/TRPV4/TACR2/TACR1",4
"BP","GO:0090493","catecholamine uptake","4/810","18/18870",0.00636964340173764,0.0477133473333866,0.0383254697206567,"SNCA/DRD1/SLC22A2/SLC6A3",4
"BP","GO:0043062","extracellular structure organization","24/810","322/18870",0.00638329077637106,0.0477189461764257,0.0383299669588794,"ADTRP/CTSG/IBSP/KLK4/CAV2/TPSAB1/TNFRSF11B/GREM1/IL6/NTN4/MMP10/MMP8/MMP19/ANGPTL7/COL10A1/CYP1B1/LOX/COL17A1/SFRP2/EGFL6/MMP3/KLK5/COL8A1/HAS1",24
"BP","GO:0030099","myeloid cell differentiation","30/810","430/18870",0.00639005253701621,0.0477189461764257,0.0383299669588794,"TRIM58/EPB42/DCSTAMP/SLC4A1/FOS/PPARG/SNX10/JUNB/AHSP/MAFB/SFRP1/ALAS2/SIGLEC15/CLEC1B/CLEC5A/ITGB6/ZFP36/LILRB3/BATF/TNFRSF11B/CEBPE/INHBA/IFNG/LOX/KLF1/TSPAN2/GPR171/LTF/PRTN3/CSF3",30
"BP","GO:0048608","reproductive structure development","23/810","305/18870",0.00653040782799261,0.0486921652796868,0.0391116995632381,"FGF10/IL1A/SFRP1/KCNE1/TFAP2C/CRIP1/PRLR/EREG/PTPRN/GPR149/LEP/NPPC/MAS1/GATA6/ALOX15B/RBP4/ZFPM2/CYP7B1/INHBA/CYP1B1/BMP5/SFRP2/AFP",23
"BP","GO:0008037","cell recognition","14/810","154/18870",0.00659298224079746,0.0490833371117038,0.0394259060702515,"CD209/FOLR2/LGALS3/CNTNAP3/FCGR1A/FCN1/LY6K/CRTAM/MYPN/CD36/C4BPB/FOLR3/C4BPA/CNTN6",14
"BP","GO:0045229","external encapsulating structure organization","24/810","323/18870",0.00662520249389535,0.0491800768131484,0.0395036116747775,"ADTRP/CTSG/IBSP/KLK4/CAV2/TPSAB1/TNFRSF11B/GREM1/IL6/NTN4/MMP10/MMP8/MMP19/ANGPTL7/COL10A1/CYP1B1/LOX/COL17A1/SFRP2/EGFL6/MMP3/KLK5/COL8A1/HAS1",24
"BP","GO:0002228","natural killer cell mediated immunity","9/810","79/18870",0.00663637212867989,0.0491800768131484,0.0395036116747775,"FCGR3A/GZMB/CLEC12B/NKG7/CRTAM/SLAMF7/LEP/SLAMF6/KLRC1",9
"BP","GO:0051966","regulation of synaptic transmission, glutamatergic","9/810","79/18870",0.00663637212867989,0.0491800768131484,0.0395036116747775,"KMO/PTGS2/NPS/DKK1/FRRS1L/GRIN2A/CCR2/CCL2/DRD1",9
"CC","GO:0009897","external side of plasma membrane","54/845","387/19886",1.21947375118242e-14,5.75591610558102e-12,4.74952934671048e-12,"CD209/FOLR2/FAS/ITGAD/CD200R1/CD163/CD40/FCGR2B/FCGR3A/CD28/FCGR1A/FCN1/CXCR2/FGG/MS4A2/IL13RA2/CXCL12/FASLG/CD163L1/IL1R1/CLEC12B/CD14/ASGR2/PLAU/FCER1G/ITGB6/PLAUR/IL21R/EFNA5/CD80/CLEC4D/PRLR/SLAMF7/SELP/ADGRE1/ICAM1/ITGA4/CCR2/CXCR1/CD36/CRLF1/SELE/CLEC10A/CLEC2B/CLEC4G/TLR8/SLAMF6/THBS1/KLRC1/FOLR3/CD3D/CD1C/KCNJ3/ST14",54
"CC","GO:0042581","specific granule","29/845","160/19886",3.25192239648176e-11,7.67453685569695e-09,6.33269098262237e-09,"MCEMP1/LCN2/TCN1/CAMP/LYZ/MS4A3/FPR2/SLC2A3/LRG1/PLAU/VAMP8/CLEC5A/PLAUR/CLEC12A/CLEC4D/FCAR/SLC27A2/MMP8/SLPI/CEACAM3/CD36/DEFA4/SLCO4C1/LTF/FOLR3/ORM1/CD177/BPI/SNAP25",29
"CC","GO:0005833","hemoglobin complex","9/845","12/19886",8.49513478998599e-11,1.33656787362446e-08,1.10287714817362e-08,"HBG1/HBG2/HBD/HBB/AHSP/HBA1/HBA2/HBM/HBZ",9
"CC","GO:0030667","secretory granule membrane","41/845","314/19886",1.64261842703415e-10,1.9382897439003e-08,1.59939162632272e-08,"LGALS3/MCEMP1/FCGR3B/MS4A3/CXCR2/CFAP65/CAV2/FPR2/LILRB2/SLC18A2/SLC2A3/VNN1/CD14/PLAU/FCER1G/VAMP8/CLEC5A/LILRB3/PLAUR/C5AR1/SIRPB1/CLEC12A/CR1/CLEC4D/DSC1/FCAR/SYT4/SELP/CEACAM6/SLC27A2/SNCA/FPR1/CEACAM3/CXCR1/CD36/SLCO4C1/SLC30A2/TMEM190/DSG1/CD177/SNAP25",41
"CC","GO:0070820","tertiary granule","28/845","164/19886",3.02675319359247e-10,2.85725501475129e-08,2.35768143500887e-08,"LGALS3/HBB/MCEMP1/TCN1/CAMP/LYZ/FPR2/LILRB2/SLC2A3/LRG1/PLAU/FCER1G/VAMP8/CLEC5A/CLEC12A/CR1/CLEC4D/DSC1/FCAR/MMP8/FPR1/FLG2/DSG1/LTF/FOLR3/ORM1/CD177/SNAP25",28
"CC","GO:0060205","cytoplasmic vesicle lumen","41/845","325/19886",4.75216275416023e-10,3.51962398256698e-08,2.90423923628408e-08,"FTL/S100A8/LCN2/S100A9/IGF1/CTSG/TCN1/CAMP/RNASE2/LYZ/HGF/CFD/SRGN/FCN1/ALB/FGG/F13A1/CTSC/FASLG/LRG1/SERPINI1/HK3/PCSK1/RNASE3/MPO/S100A7/S100P/KNG1/S100A12/DEFA3/MMP8/SLPI/SERPINA3/GRP/DEFA4/LTF/THBS1/PRTN3/FOLR3/ORM1/BPI",41
"CC","GO:0031983","vesicle lumen","41/845","326/19886",5.21978133007815e-10,3.51962398256698e-08,2.90423923628408e-08,"FTL/S100A8/LCN2/S100A9/IGF1/CTSG/TCN1/CAMP/RNASE2/LYZ/HGF/CFD/SRGN/FCN1/ALB/FGG/F13A1/CTSC/FASLG/LRG1/SERPINI1/HK3/PCSK1/RNASE3/MPO/S100A7/S100P/KNG1/S100A12/DEFA3/MMP8/SLPI/SERPINA3/GRP/DEFA4/LTF/THBS1/PRTN3/FOLR3/ORM1/BPI",41
"CC","GO:0034774","secretory granule lumen","40/845","322/19886",1.22570773773475e-09,7.23167565263503e-08,5.96726135476129e-08,"FTL/S100A8/LCN2/S100A9/IGF1/CTSG/TCN1/CAMP/RNASE2/LYZ/HGF/CFD/SRGN/FCN1/ALB/FGG/F13A1/CTSC/LRG1/SERPINI1/HK3/PCSK1/RNASE3/MPO/S100A7/S100P/KNG1/S100A12/DEFA3/MMP8/SLPI/SERPINA3/GRP/DEFA4/LTF/THBS1/PRTN3/FOLR3/ORM1/BPI",40
"CC","GO:0031838","haptoglobin-hemoglobin complex","8/845","11/19886",1.51515744566975e-09,7.94615904840133e-08,6.55682169471118e-08,"HBG1/HBG2/HBD/HBB/HBA1/HBA2/HBM/HBZ",8
"CC","GO:0062023","collagen-containing extracellular matrix","44/845","429/19886",6.60314392616996e-08,3.11668393315222e-06,2.57175079229777e-06,"ADAMDEC1/LGALS3/FGF10/S100A8/TPSB2/S100A9/CTSG/CCN3/KRT1/FGL1/FCN1/FGG/CPA3/F13A1/CTSC/CXCL12/WNT2/SFRP1/TPSAB1/AMBP/EFNA5/GREM1/S100A7/KNG1/NTN4/ANGPTL5/EDIL3/ICAM1/LAD1/MMP8/SOST/SLPI/SERPINA3/ANGPTL7/COL10A1/LOX/COL17A1/CLC/THBS1/PRTN3/SFRP2/ORM1/EGFL6/COL8A1",44
"CC","GO:0001533","cornified envelope","14/845","60/19886",1.57704014846258e-07,6.76693590976669e-06,5.58377851608759e-06,"DSC2/TCHH/KRT1/CSTA/KRT17/CST6/DSC1/KRT14/SERPINB2/PI3/FLG2/KRT16/DSG1/KLK6",14
"CC","GO:0035579","specific granule membrane","17/845","91/19886",2.44490128055821e-07,9.61661170352897e-06,7.93520591058367e-06,"MCEMP1/MS4A3/FPR2/SLC2A3/PLAU/VAMP8/CLEC5A/PLAUR/CLEC12A/CLEC4D/FCAR/SLC27A2/CEACAM3/CD36/SLCO4C1/CD177/SNAP25",17
"CC","GO:0071682","endocytic vesicle lumen","8/845","23/19886",2.85383567992642e-06,0.000103616187763482,8.54995304917229e-05,"HBB/GNLY/HBA1/HBA2/MPO/SAA1/LTF/CSF3",8
"CC","GO:0097060","synaptic membrane","37/845","393/19886",5.54498775116828e-06,0.000186945301325102,0.000154259057739268,"KCNMA1/IL1RAPL1/ATP2B1/KCNH1/GABRB2/NSG1/ERC2/DNM3/SLC16A7/GABRA2/GRIN2A/HTR3A/KCNK1/LRRTM4/CHRNA6/CHRNE/GLRA3/UNC13C/KCNC2/GRIA1/CDH9/CHRM2/RIMS2/HTR5A/GABRB3/GABRA4/LRFN5/CHRNA2/DRD1/CNTN6/SLC6A3/CPLX3/CNTNAP4/KCNJ3/SNAP91/SLITRK1/SNAP25",37
"CC","GO:0035580","specific granule lumen","12/845","62/19886",9.75718004115747e-06,0.000307025931961755,0.000253344323875668,"LCN2/TCN1/CAMP/LYZ/LRG1/MMP8/SLPI/DEFA4/LTF/FOLR3/ORM1/BPI",12
"CC","GO:0070821","tertiary granule membrane","13/845","73/19886",1.09079124705769e-05,0.000321783417882017,0.000265521553560095,"MCEMP1/FPR2/LILRB2/SLC2A3/PLAU/FCER1G/VAMP8/CLEC5A/CLEC12A/CLEC4D/FCAR/CD177/SNAP25",13
"CC","GO:0034702","monoatomic ion channel complex","30/845","300/19886",1.3283025947406e-05,0.00036879930865739,0.000304317003129426,"PKD2L1/KCNMA1/KCNE1/SCN1B/KCNH1/CACNA2D1/GABRB2/KCNA4/GABRA2/GRIN2A/HTR3A/KCNK1/KCNB2/MICU3/SLC17A6/CHRNA6/CHRNE/GLRA3/KCNC2/GRIA1/CNGA1/VWC2L/GABRB3/CNGB1/KCNS2/GABRA4/CHRNA2/C2CD6/SCN1A/KCNJ3",30
"CC","GO:0043679","axon terminus","16/845","113/19886",2.29285234639391e-05,0.000601236837498848,0.000496114250389326,"SLC18A2/PCSK1/PRKCB/CALCA/NTS/PTPRN/SLC18A3/SNCA/CRHBP/TH/UNC13C/KCNC2/CHRM2/CNGB1/SLC6A3/CPLX3",16
"CC","GO:0031091","platelet alpha granule","14/845","91/19886",2.862633715998e-05,0.000711138481026871,0.000586800263113163,"IGF1/HGF/CFD/SRGN/ALB/FGG/F13A1/KNG1/SELP/SNCA/SERPINA3/CD36/THBS1/ORM1",14
"CC","GO:0072562","blood microparticle","18/845","144/19886",4.04919886469049e-05,0.000955610932066956,0.000788528199966043,"HBG2/HBD/HBB/SLC4A1/KRT1/ALB/FGG/HBA1/F13A1/HBA2/AMBP/TMPRSS13/JCHAIN/KNG1/SERPINA3/ACTC1/C4BPA/ORM1",18
"CC","GO:0101003","ficolin-1-rich granule membrane","11/845","61/19886",4.56314409710458e-05,0.00102562095896827,0.000846297401468018,"LGALS3/FPR2/LILRB2/SLC2A3/FCER1G/CR1/CLEC4D/DSC1/FCAR/FPR1/DSG1",11
"CC","GO:0042734","presynaptic membrane","19/845","165/19886",7.79357091702537e-05,0.00161923212949493,0.00133611928615773,"ATP2B1/KCNH1/ERC2/GRIN2A/CHRNA6/UNC13C/KCNC2/GRIA1/CDH9/CHRM2/RIMS2/DRD1/CNTN6/SLC6A3/CPLX3/CNTNAP4/KCNJ3/SNAP91/SNAP25",19
"CC","GO:0044853","plasma membrane raft","15/845","112/19886",7.89032605474226e-05,0.00161923212949493,0.00133611928615773,"MS4A4A/ADTRP/KCNMA1/CAV2/FASLG/PTGS2/SKAP1/EFNA5/CR1/CD36/SELE/PRTN3/CD177/SLC6A3/PLPP2",15
"CC","GO:1904724","tertiary granule lumen","10/845","55/19886",9.36092494620552e-05,0.00184098190608709,0.00151909746934037,"HBB/TCN1/CAMP/LYZ/LRG1/MMP8/FLG2/LTF/FOLR3/ORM1",10
"CC","GO:0005766","primary lysosome","18/845","155/19886",0.000106861589917068,0.00193994886310986,0.00160076065867673,"FTL/CTSG/RNASE2/LYZ/CTSC/VNN1/VAMP8/RNASE3/MPO/S100A7/DEFA3/CEACAM6/SERPINA3/FPR1/DEFA4/SLCO4C1/PRTN3/BPI",18
"CC","GO:0042582","azurophil granule","18/845","155/19886",0.000106861589917068,0.00193994886310986,0.00160076065867673,"FTL/CTSG/RNASE2/LYZ/CTSC/VNN1/VAMP8/RNASE3/MPO/S100A7/DEFA3/CEACAM6/SERPINA3/FPR1/DEFA4/SLCO4C1/PRTN3/BPI",18
"CC","GO:0031093","platelet alpha granule lumen","11/845","67/19886",0.000111229744069764,0.00194446071114551,0.00160448363765352,"IGF1/HGF/CFD/SRGN/ALB/FGG/F13A1/KNG1/SERPINA3/THBS1/ORM1",11
"CC","GO:0044306","neuron projection terminus","16/845","129/19886",0.00011716012958942,0.00197498504165023,0.00162967097549194,"SLC18A2/PCSK1/PRKCB/CALCA/NTS/PTPRN/SLC18A3/SNCA/CRHBP/TH/UNC13C/KCNC2/CHRM2/CNGB1/SLC6A3/CPLX3",16
"CC","GO:0045211","postsynaptic membrane","26/845","275/19886",0.000124256216047158,0.00202237703359512,0.00166877676723951,"KCNMA1/IL1RAPL1/KCNH1/GABRB2/NSG1/DNM3/SLC16A7/GABRA2/GRIN2A/HTR3A/LRRTM4/CHRNA6/CHRNE/GLRA3/KCNC2/GRIA1/CDH9/CHRM2/HTR5A/GABRB3/GABRA4/LRFN5/CHRNA2/DRD1/SLC6A3/SLITRK1",26
"CC","GO:0044194","cytolytic granule","5/845","13/19886",0.000132467518080236,0.00208415561779571,0.0017197537434978,"GNLY/GZMB/SRGN/NKG7/GZMH",5
"CC","GO:0043204","perikaryon","17/845","149/19886",0.000203963019265994,0.00310550145463062,0.00256252350181385,"ASS1/SLC2A3/SERPINI1/SCN1B/PCSK1/KCNH1/PTPRN/CCR2/SYNPO/CRHBP/KCNK1/KCNB2/GLRA3/TH/KCNC2/HTR5A/KIF5A",17
"CC","GO:0043025","neuronal cell body","38/845","489/19886",0.000265927627803281,0.0039224325100984,0.00323661915418467,"NQO1/CD40/ASS1/CCN3/SLC2A3/SERPINI1/SCN1B/PCSK1/ZNF804A/KCNH1/CALCA/CYGB/PTPRN/SYT4/GABRA2/MYOT/ITGA4/CCR2/SYNPO/SNCA/CRHBP/KCNK1/KCNB2/GLRA3/PRKCZ/TH/KCNC2/GRIA1/CHRM2/NEGR1/HTR5A/STMN2/GAL/TBX21/KIF5A/SLC6A3/SCN1A/SNAP25",38
"CC","GO:0030669","clathrin-coated endocytic vesicle membrane","11/845","74/19886",0.000276211804121789,0.00395066580440862,0.00325991602950756,"FCGR1A/HLA-DQB2/HLA-DQA2/HLA-DPA1/VAMP8/EREG/SLC18A3/AREG/CHRM2/AVPR2/CD3D",11
"CC","GO:0150034","distal axon","25/845","276/19886",0.000321469145883689,0.00446274814285592,0.00368246390021564,"SLC18A2/TRPV4/PCSK1/ZNF804A/PRKCB/ERC2/CALCA/NTS/PTPRN/SLC18A3/ITGA4/SNCA/SLC2A13/CRHBP/TH/UNC13C/KCNC2/CHRM2/FGF13/CNGB1/STMN2/STMN4/SLC6A3/CPLX3/SNAP25",25
"CC","GO:1902495","transmembrane transporter complex","32/845","394/19886",0.000370466810183343,0.00499600955447251,0.00412248781256652,"PKD2L1/NDUFB1/KCNMA1/KCNE1/SCN1B/KCNH1/CACNA2D1/PLN/GABRB2/KCNA4/GABRA2/GRIN2A/HTR3A/KCNK1/KCNB2/MICU3/SLC17A6/CHRNA6/CHRNE/GLRA3/KCNC2/GRIA1/CNGA1/VWC2L/GABRB3/CNGB1/KCNS2/GABRA4/CHRNA2/C2CD6/SCN1A/KCNJ3",32
"CC","GO:0030133","transport vesicle","34/845","431/19886",0.000419348345636203,0.00549812275389689,0.00453680958729226,"IGF1/SYTL2/CPA3/CAV2/HLA-DQB2/SLC18A2/HLA-DQA2/HLA-DPA1/PCSK1/ATP2B1/SYTL5/NTS/MCTP2/PTPRN/SYT4/GABRA2/SLC18A3/GRIN2A/AREG/SNCA/SLC17A6/KDELR3/TH/UNC13C/GRIA1/RAB3C/DEFA4/SLC30A2/SYNPR/AP1M2/CPLX3/MAL2/SNAP91/SNAP25",34
"CC","GO:0035578","azurophil granule lumen","12/845","91/19886",0.000461974130088571,0.0058932916054542,0.00486288557987969,"FTL/CTSG/RNASE2/LYZ/CTSC/RNASE3/MPO/S100A7/DEFA3/SERPINA3/PRTN3/BPI",12
"CC","GO:0045121","membrane raft","25/845","286/19886",0.000546251225759629,0.00636200479212917,0.00524964712999062,"FAS/MS4A4A/ADTRP/KCNMA1/ITLN1/LY6K/CAV2/FASLG/KCNE1/CD14/PTGS2/SKAP1/EFNA5/CR1/CD48/ICAM1/NOS1/CD36/SELE/RIT2/PRTN3/CD177/SLC6A3/MAL2/PLPP2",25
"CC","GO:0001772","immunological synapse","8/845","45/19886",0.000547800014200293,0.00636200479212917,0.00524964712999062,"LGALS3/GZMB/CD28/GZMA/SKAP1/ATP2B1/CRTAM/ICAM1",8
"CC","GO:0043195","terminal bouton","8/845","45/19886",0.000547800014200293,0.00636200479212917,0.00524964712999062,"SLC18A2/CALCA/SLC18A3/TH/UNC13C/KCNC2/CNGB1/CPLX3",8
"CC","GO:0042613","MHC class II protein complex","5/845","17/19886",0.000552631772197661,0.00636200479212917,0.00524964712999062,"HLA-DQB2/HLA-DQA2/HLA-DPA1/HLA-DMB/HLA-DMA",5
"CC","GO:0098857","membrane microdomain","25/845","287/19886",0.00057492709808209,0.00646108548320825,0.00533140416767853,"FAS/MS4A4A/ADTRP/KCNMA1/ITLN1/LY6K/CAV2/FASLG/KCNE1/CD14/PTGS2/SKAP1/EFNA5/CR1/CD48/ICAM1/NOS1/CD36/SELE/RIT2/PRTN3/CD177/SLC6A3/MAL2/PLPP2",25
"CC","GO:0030017","sarcomere","20/845","216/19886",0.000935623871346262,0.00949096240962074,0.00783152562792077,"SLC4A1/MYL4/PDLIM1/ANKRD2/KCNE1/CAPN3/TNNI2/TRIM63/LRRC39/MYPN/TNNC2/TNNI3/ANKRD1/MYOT/LMOD2/SYNPO/MYOZ2/SMPX/ACTC1/SCN1A",20
"CC","GO:0101002","ficolin-1-rich granule","18/845","185/19886",0.000936473434210256,0.00949096240962074,0.00783152562792077,"LGALS3/HBB/KRT1/CFD/FCN1/FPR2/LILRB2/SLC2A3/LRG1/FCER1G/HK3/CALML5/CR1/CLEC4D/DSC1/FCAR/FPR1/DSG1",18
"CC","GO:0030672","synaptic vesicle membrane","14/845","126/19886",0.000939375316052566,0.00949096240962074,0.00783152562792077,"SLC18A2/ATP2B1/MCTP2/SYT4/GABRA2/SLC18A3/SNCA/SLC17A6/UNC13C/GRIA1/RAB3C/SYNPR/CPLX3/MAL2",14
"CC","GO:0099501","exocytic vesicle membrane","14/845","126/19886",0.000939375316052566,0.00949096240962074,0.00783152562792077,"SLC18A2/ATP2B1/MCTP2/SYT4/GABRA2/SLC18A3/SNCA/SLC17A6/UNC13C/GRIA1/RAB3C/SYNPR/CPLX3/MAL2",14
"CC","GO:0070382","exocytic vesicle","21/845","232/19886",0.00094507464672071,0.00949096240962074,0.00783152562792077,"IGF1/SYTL2/SLC18A2/ATP2B1/SYTL5/MCTP2/SYT4/GABRA2/SLC18A3/GRIN2A/SNCA/SLC17A6/TH/UNC13C/GRIA1/RAB3C/SYNPR/CPLX3/MAL2/SNAP91/SNAP25",21
"CC","GO:1990351","transporter complex","32/845","421/19886",0.00113557196381993,0.0110790853466744,0.00914197497383924,"PKD2L1/NDUFB1/KCNMA1/KCNE1/SCN1B/KCNH1/CACNA2D1/PLN/GABRB2/KCNA4/GABRA2/GRIN2A/HTR3A/KCNK1/KCNB2/MICU3/SLC17A6/CHRNA6/CHRNE/GLRA3/KCNC2/GRIA1/CNGA1/VWC2L/GABRB3/CNGB1/KCNS2/GABRA4/CHRNA2/C2CD6/SCN1A/KCNJ3",32
"CC","GO:0030016","myofibril","21/845","236/19886",0.0011736319223172,0.0110790853466744,0.00914197497383924,"SLC4A1/MYL4/PDLIM1/ANKRD2/KCNE1/CAPN3/TNNI2/TRIM63/LRRC39/MYPN/TNNC2/TNNI3/ANKRD1/MYOT/LMOD2/SYNPO/MYOZ2/SMPX/AHNAK2/ACTC1/SCN1A",21
"CC","GO:0030658","transport vesicle membrane","21/845","236/19886",0.0011736319223172,0.0110790853466744,0.00914197497383924,"HLA-DQB2/SLC18A2/HLA-DQA2/HLA-DPA1/ATP2B1/MCTP2/PTPRN/SYT4/GABRA2/SLC18A3/AREG/SNCA/SLC17A6/UNC13C/GRIA1/RAB3C/SLC30A2/SYNPR/AP1M2/CPLX3/MAL2",21
"CC","GO:0005775","vacuolar lumen","17/845","176/19886",0.00138845423753768,0.0128500078454468,0.0106032624951278,"LGMN/FTL/CTSG/RNASE2/LYZ/IFI30/CTSC/FASLG/NSG1/RNASE3/MPO/S100A7/DEFA3/SERPINA3/PRTN3/BPI/CSF3",17
"CC","GO:0034703","cation channel complex","18/845","193/19886",0.00151848770768873,0.0137831961159439,0.0113732884988832,"PKD2L1/KCNMA1/KCNE1/SCN1B/KCNH1/CACNA2D1/KCNA4/HTR3A/KCNK1/KCNB2/MICU3/KCNC2/CNGA1/CNGB1/KCNS2/C2CD6/SCN1A/KCNJ3",18
"CC","GO:0045334","clathrin-coated endocytic vesicle","11/845","92/19886",0.00178022393928209,0.0158540697988896,0.0130820825726787,"FCGR1A/HLA-DQB2/HLA-DQA2/HLA-DPA1/VAMP8/EREG/SLC18A3/AREG/CHRM2/AVPR2/CD3D",11
"CC","GO:0043292","contractile fiber","21/845","245/19886",0.00186646033725606,0.0163142459108308,0.0134617997034063,"SLC4A1/MYL4/PDLIM1/ANKRD2/KCNE1/CAPN3/TNNI2/TRIM63/LRRC39/MYPN/TNNC2/TNNI3/ANKRD1/MYOT/LMOD2/SYNPO/MYOZ2/SMPX/AHNAK2/ACTC1/SCN1A",21
"CC","GO:0030665","clathrin-coated vesicle membrane","14/845","136/19886",0.00196388053682054,0.0168536656978053,0.0139069052368153,"FCGR1A/HLA-DQB2/DAB2/SLC18A2/HLA-DQA2/HLA-DPA1/VAMP8/EREG/SLC18A3/AREG/CHRM2/AVPR2/CD3D/AP1M2",14
"CC","GO:0005921","gap junction","6/845","32/19886",0.00203139590986205,0.0171217655259801,0.0141281294482887,"CCN3/DSC1/GJD2/GJB5/GJD4/GJB1",6
"CC","GO:0005901","caveola","10/845","81/19886",0.00222970956188562,0.0184635598808774,0.0152353192594216,"ADTRP/KCNMA1/CAV2/FASLG/PTGS2/EFNA5/CD36/SELE/SLC6A3/PLPP2",10
"CC","GO:0042383","sarcolemma","14/845","141/19886",0.00275054547085869,0.0223837493490569,0.0184700875538605,"POPDC3/CAV2/SCN1B/CAPN3/CACNA2D1/SNTG2/SGCG/MYOT/NOS1/AHNAK2/FGF13/TRIM72/SCN1A/KCNJ3",14
"CC","GO:0042611","MHC protein complex","5/845","25/19886",0.00357907276881426,0.0281553724480055,0.0232325776221277,"HLA-DQB2/HLA-DQA2/HLA-DPA1/HLA-DMB/HLA-DMA",5
"CC","GO:0098992","neuronal dense core vesicle","5/845","25/19886",0.00357907276881426,0.0281553724480055,0.0232325776221277,"SCG2/CACNA2D1/CALCA/SYT4/GRP",5
"CC","GO:0031045","dense core granule","6/845","37/19886",0.00435327238775848,0.0336372543344747,0.0277559859584203,"SCG2/CACNA2D1/CALCA/SYT4/CRHBP/GRP",6
"CC","GO:0008021","synaptic vesicle","18/845","213/19886",0.00441845289986744,0.0336372543344747,0.0277559859584203,"SLC18A2/ATP2B1/MCTP2/SYT4/GABRA2/SLC18A3/GRIN2A/SNCA/SLC17A6/TH/UNC13C/GRIA1/RAB3C/SYNPR/CPLX3/MAL2/SNAP91/SNAP25",18
"CC","GO:0030666","endocytic vesicle membrane","17/845","202/19886",0.00580072165154574,0.0434593749131681,0.0358607687731316,"CD163/ATP6V0D2/FCGR1A/MSR1/HLA-DQB2/HLA-DQA2/HLA-DPA1/VAMP8/EREG/SLC18A3/AREG/CD36/GRIA1/CHRM2/AVPR2/RAB38/CD3D",17
"CC","GO:0098831","presynaptic active zone cytoplasmic component","4/845","18/19886",0.0061477313626102,0.0445469661941927,0.0367582013645212,"ERC2/GUCY1B1/UNC13C/RIMS2",4
"CC","GO:0008076","voltage-gated potassium channel complex","9/845","79/19886",0.00622902493393372,0.0445469661941927,0.0367582013645212,"KCNMA1/KCNE1/KCNH1/KCNA4/KCNK1/KCNB2/KCNC2/KCNS2/KCNJ3",9
"CC","GO:0098982","GABA-ergic synapse","9/845","79/19886",0.00622902493393372,0.0445469661941927,0.0367582013645212,"GABRB2/EFNA5/ERC2/GABRA2/KCNC2/GABRA4/LRFN5/DRD1/SLITRK1",9
"MF","GO:0005125","cytokine activity","41/816","237/18496",4.74824852511778e-14,3.9268015302724e-11,3.27879056050238e-11,"CXCL14/CCL8/IL1A/IL10/IL1RN/SPP1/CXCL12/WNT2/CXCL8/FASLG/SCG2/TNFSF9/TNFSF14/OSM/IL1B/IL36B/CCL24/CCL28/TNFRSF11B/GREM1/IL6/CCL20/CD70/SCGB3A1/PF4V1/IL36RN/CXCL6/AREG/CCL13/BMP3/CRLF1/INHBA/IFNG/BMP5/CCL7/XCL1/XCL2/TNFSF18/CCL2/GDF6/CSF3",41
"MF","GO:0043177","organic acid binding","36/816","207/18496",1.43963093764036e-12,4.28389866718195e-10,3.5769586020128e-10,"HBG1/FOLR2/HBG2/HBD/HBB/PPARG/S100A8/S100A9/ASS1/FCN1/ALB/HBA1/SIGLEC6/HBA2/ALOX5AP/AMBP/RBP7/LRAT/HBM/SELP/FABP5P3/NOS1/PTGDS/GSTA1/CD36/SELE/GLRA3/TH/FABP4/HBZ/CYP26A1/P4HA3/HNF4A/CCDC144A/FOLR3/FABP6",36
"MF","GO:0140375","immune receptor activity","30/816","147/18496",1.5540140267891e-12,4.28389866718195e-10,3.5769586020128e-10,"CD200R1/FPR3/FCGR2B/FCGR3A/FLT3/C5AR2/FCGR1A/CXCR2/IL13RA2/HLA-DQB2/FPR2/LILRB2/HLA-DQA2/IL1R1/HLA-DPA1/FCER1G/C5AR1/IL21R/IL1R2/LILRA5/CR1/PRLR/CCR2/FPR1/CXCR1/CRLF1/FCER1A/IL1RL2/KLRC1/KLRF1",30
"MF","GO:0019865","immunoglobulin binding","12/816","24/18496",8.32367366254945e-11,1.7209195297321e-08,1.43692892700854e-08,"LGALS3/FCGR2B/FCGR3A/FCGR3B/FCGR1A/MS4A2/AMBP/FCER1G/JCHAIN/FCAR/FCER1A/GRIA1",12
"MF","GO:0031720","haptoglobin binding","8/816","10/18496",5.77314957958251e-10,9.54878940462947e-08,7.97302341938132e-08,"HBG1/HBG2/HBD/HBB/HBA1/HBA2/HBM/HBZ",8
"MF","GO:0005344","oxygen carrier activity","9/816","14/18496",9.94550787387308e-10,1.37082250194884e-07,1.1446058184668e-07,"HBG1/HBG2/HBD/HBB/HBA1/HBA2/HBM/CYGB/HBZ",9
"MF","GO:0005126","cytokine receptor binding","36/816","273/18496",4.31243846295184e-09,5.09483801265881e-07,4.25407463412993e-07,"CXCL14/CCL8/IL1A/IL10/IL1RN/CXCL12/CXCL8/FASLG/LRG1/TNFSF9/TNFSF14/OSM/IL1B/STAP1/IL36B/CCL24/EFNA5/CCL28/GREM1/IL6/CCL20/CD70/PF4V1/IL36RN/CXCL6/CD300LF/CCR2/CCL13/CRLF1/IFNG/CCL7/XCL1/XCL2/TNFSF18/CCL2/CSF3",36
"MF","GO:0008009","chemokine activity","14/816","49/18496",1.51584597457733e-08,1.56700577621932e-06,1.30841442016149e-06,"CXCL14/CCL8/CXCL12/CXCL8/CCL24/CCL28/CCL20/PF4V1/CXCL6/CCL13/CCL7/XCL1/XCL2/CCL2",14
"MF","GO:0031406","carboxylic acid binding","28/816","195/18496",3.61327784531671e-08,3.32020086452991e-06,2.77229270938919e-06,"FOLR2/PPARG/S100A8/S100A9/ASS1/FCN1/ALB/SIGLEC6/ALOX5AP/AMBP/RBP7/LRAT/SELP/FABP5P3/NOS1/PTGDS/GSTA1/CD36/SELE/GLRA3/TH/FABP4/CYP26A1/P4HA3/HNF4A/CCDC144A/FOLR3/FABP6",28
"MF","GO:0004252","serine-type endopeptidase activity","26/816","174/18496",4.86944019320613e-08,4.02702703978147e-06,3.36247659657181e-06,"PRSS21/TPSB2/CTSG/GZMB/HTRA4/CFD/GZMA/CTSC/KLK4/TPSAB1/PLAU/PCSK1/TMPRSS13/GZMK/CTRB2/MMP10/MMP8/MMP19/TPSD1/LTF/PRTN3/MMP3/GZMH/KLK5/ST14/KLK6",26
"MF","GO:0019825","oxygen binding","12/816","39/18496",6.52663936797171e-08,4.90684614301146e-06,4.09710567022913e-06,"HBG1/HBG2/HBD/HBB/ALB/HBA1/HBA2/HBM/CYGB/TH/HBZ/CYP26A1",12
"MF","GO:0004601","peroxidase activity","14/816","55/18496",7.63740302515517e-08,5.26344358483611e-06,4.39485647763315e-06,"HBG1/HBG2/HBD/HBB/HBA1/HBA2/ALOX5AP/PTGS2/HBM/MPO/CYGB/GSTA1/HBZ/GPX3",14
"MF","GO:0008236","serine-type peptidase activity","27/816","192/18496",9.8113091679821e-08,5.59691410698646e-06,4.67329682961003e-06,"PRSS21/TPSB2/CTSG/GZMB/HTRA4/CFD/GZMA/CTSC/KLK4/TPSAB1/PLAU/PCSK1/TMPRSS13/GZMK/CTRB2/MMP10/MMP8/MMP19/TPSD1/PRSS16/LTF/PRTN3/MMP3/GZMH/KLK5/ST14/KLK6",27
"MF","GO:0005504","fatty acid binding","13/816","48/18496",1.00339037895547e-07,5.59691410698646e-06,4.67329682961003e-06,"PPARG/S100A8/S100A9/ALB/ALOX5AP/RBP7/FABP5P3/PTGDS/GSTA1/CD36/FABP4/HNF4A/FABP6",13
"MF","GO:0016209","antioxidant activity","17/816","83/18496",1.01515975338328e-07,5.59691410698646e-06,4.67329682961003e-06,"HBG1/HBG2/NQO1/HBD/HBB/S100A9/ALB/HBA1/HBA2/ALOX5AP/PTGS2/HBM/MPO/CYGB/GSTA1/HBZ/GPX3",17
"MF","GO:0016684","oxidoreductase activity, acting on peroxide as acceptor","14/816","57/18496",1.24342786026494e-07,6.42696775274439e-06,5.36637287061709e-06,"HBG1/HBG2/HBD/HBB/HBA1/HBA2/ALOX5AP/PTGS2/HBM/MPO/CYGB/GSTA1/HBZ/GPX3",14
"MF","GO:0017171","serine hydrolase activity","27/816","196/18496",1.50843295284513e-07,7.33808265884072e-06,6.12713323260932e-06,"PRSS21/TPSB2/CTSG/GZMB/HTRA4/CFD/GZMA/CTSC/KLK4/TPSAB1/PLAU/PCSK1/TMPRSS13/GZMK/CTRB2/MMP10/MMP8/MMP19/TPSD1/PRSS16/LTF/PRTN3/MMP3/GZMH/KLK5/ST14/KLK6",27
"MF","GO:0030594","neurotransmitter receptor activity","18/816","99/18496",2.88677353185369e-07,1.32631206157944e-05,1.10744060637194e-05,"HRH2/GABRB2/GABRA2/GRIN2A/HTR3A/CHRNA6/CHRNE/GLRA3/HTR6/GRIA1/CHRM2/HTR5A/GABRB3/GABRA4/CHRNA2/HTR7/DRD1/HTR2B",18
"MF","GO:0042379","chemokine receptor binding","15/816","74/18496",6.57196140006695e-07,2.86053267255546e-05,2.38848015426256e-05,"CXCL14/CCL8/CXCL12/CXCL8/CCL24/CCL28/CCL20/PF4V1/CXCL6/CCR2/CCL13/CCL7/XCL1/XCL2/CCL2",15
"MF","GO:0030246","carbohydrate binding","31/816","273/18496",1.44794401446829e-06,5.98724849982637e-05,4.99921722890103e-05,"CD209/LGALS3/KRT1/ITLN1/FCN1/SIGLEC6/LAYN/GALNT13/SLC2A3/ZG16B/CLEC12B/CLEC1B/ASGR2/AMBP/LGALS7B/HK3/CLEC5A/CLEC12A/CLEC4D/SELP/SOST/CD72/SIGLEC1/SELE/CLEC10A/CLEC2B/P4HA3/CLEC4G/CLC/KLRC1/KLRF1",31
"MF","GO:0033293","monocarboxylic acid binding","15/816","79/18496",1.58163503687157e-06,6.22862940710851e-05,5.2007648330213e-05,"PPARG/S100A8/S100A9/ALB/ALOX5AP/RBP7/LRAT/FABP5P3/PTGDS/GSTA1/CD36/FABP4/CYP26A1/HNF4A/FABP6",15
"MF","GO:0001664","G protein-coupled receptor binding","32/816","291/18496",1.98229733671767e-06,7.4516358975705e-05,6.22194762146789e-05,"CXCL14/CCL8/FCN1/CXCL12/WNT2/SFRP1/CXCL8/RTP1/ADM/CCL24/CCL28/RSPO1/DNM3/RSPO3/CCL20/CALCA/NTS/PPY/SAA1/PF4V1/CXCL6/CCR2/FPR1/CCL13/OXT/NPFFR2/GRIA1/CCL7/XCL1/XCL2/CCL2/GAL",32
"MF","GO:0004875","complement receptor activity","6/816","12/18496",5.32310045242974e-06,0.000191400177137365,0.000159814823651895,"FPR3/C5AR2/FPR2/C5AR1/CR1/FPR1",6
"MF","GO:0022839","monoatomic ion gated channel activity","33/816","325/18496",7.76020712101412e-06,0.000263345916068515,0.000219887890206766,"PKD2L1/KCNMA1/KCNE1/KCNJ15/SCN1B/TRPV4/KCNH1/CACNA2D1/GABRB2/KCNA4/GABRA2/SLC17A3/GRIN2A/HTR3A/KCNK1/KCNB2/CHRNA6/CHRNE/GLRA3/CLCA2/KCNC2/GRIA1/CNGA1/KCNH6/KCNH5/GABRB3/CNGB1/KCNS2/GABRA4/CHRNA2/SCN1A/KCNJ3/SNAP25",33
"MF","GO:0005539","glycosaminoglycan binding","27/816","240/18496",8.10173860142258e-06,0.000263345916068515,0.000219887890206766,"FGF10/CCL8/CTSG/CCN3/GPNMB/LAYN/SFRP1/CXCL8/LYVE1/MPO/RSPO1/FGF7/RSPO3/JCHAIN/KNG1/SAA1/SUSD5/SELP/PF4V1/CXCL6/SOST/SPOCK3/ELSPBP1/CCL7/COL17A1/LTF/THBS1",27
"MF","GO:0022836","gated channel activity","33/816","326/18496",8.27931537821207e-06,0.000263345916068515,0.000219887890206766,"PKD2L1/KCNMA1/KCNE1/KCNJ15/SCN1B/TRPV4/KCNH1/CACNA2D1/GABRB2/KCNA4/GABRA2/SLC17A3/GRIN2A/HTR3A/KCNK1/KCNB2/CHRNA6/CHRNE/GLRA3/CLCA2/KCNC2/GRIA1/CNGA1/KCNH6/KCNH5/GABRB3/CNGB1/KCNS2/GABRA4/CHRNA2/SCN1A/KCNJ3/SNAP25",33
"MF","GO:0008201","heparin binding","22/816","174/18496",8.73091250984458e-06,0.000267424616505239,0.000223293512922341,"FGF10/CCL8/CTSG/CCN3/GPNMB/SFRP1/CXCL8/MPO/RSPO1/FGF7/RSPO3/KNG1/SAA1/SELP/PF4V1/CXCL6/SOST/ELSPBP1/CCL7/COL17A1/LTF/THBS1",22
"MF","GO:0046906","tetrapyrrole binding","20/816","151/18496",1.10439860793189e-05,0.00032619201741417,0.000272362964963655,"HBG1/HBG2/HBD/HBB/TCN1/HBA1/HBA2/HMOX1/AMBP/PTGS2/HBM/MPO/CYGB/GUCY1B1/NOX5/NOS1/CYP7B1/HBZ/CYP26A1/CYP1B1",20
"MF","GO:0020037","heme binding","19/816","141/18496",1.41926545544985e-05,0.000404735355743802,0.000337944877958294,"HBG1/HBG2/HBD/HBB/HBA1/HBA2/HMOX1/AMBP/PTGS2/HBM/MPO/CYGB/GUCY1B1/NOX5/NOS1/CYP7B1/HBZ/CYP26A1/CYP1B1",19
"MF","GO:0042277","peptide binding","32/816","325/18496",1.97917328117588e-05,0.000536814370249985,0.0004482278710418,"CD209/PPARG/FCGR2B/PFDN4/MSR1/HLA-DQB2/FPR2/LILRB2/HLA-DQA2/HLA-DPA1/CRIP1/PRLR/TRHDE/GPR149/HLA-DMB/GRIN2A/MAS1/CRHBP/PTH2R/CD36/NPFFR2/HLA-DMA/KDELR3/INHBA/BDKRB1/GRIA1/AVPR2/GLP2R/GPR171/NPR3/CD1C/MCHR1",32
"MF","GO:0001653","peptide receptor activity","18/816","132/18496",2.01224250033247e-05,0.000536814370249985,0.0004482278710418,"FPR3/FPR2/TACR2/MAS1/FPR1/PTH2R/NPFFR2/MCHR2/BDKRB1/GUCY2D/AVPR2/GLP2R/GPR171/NPR3/GAL/TACR1/MCHR1/MC5R",18
"MF","GO:0050786","RAGE receptor binding","5/816","10/18496",3.45688438306855e-05,0.000880720583782721,0.000735381789551919,"S100A8/S100A9/S100A7/S100A12/FPR1",5
"MF","GO:0008528","G protein-coupled peptide receptor activity","17/816","125/18496",3.51436266805681e-05,0.000880720583782721,0.000735381789551919,"FPR3/FPR2/TACR2/MAS1/FPR1/PTH2R/NPFFR2/MCHR2/BDKRB1/AVPR2/GLP2R/GPR171/NPR3/GAL/TACR1/MCHR1/MC5R",17
"MF","GO:0005178","integrin binding","19/816","154/18496",4.95341425855634e-05,0.0012048451740665,0.00100601849957058,"ITGAD/JAML/IGF1/CCN3/SPP1/GPNMB/IBSP/CXCL12/ITGB6/IL1B/ICAM4/EDIL3/TSPAN8/ICAM1/ITGA4/THBS1/SFRP2/EGFL6/CD177",19
"MF","GO:0019864","IgG binding","5/816","11/18496",6.10720729214237e-05,0.00142739385190274,0.00119184161757551,"FCGR2B/FCGR3A/FCGR3B/FCGR1A/FCER1G",5
"MF","GO:0022824","transmitter-gated monoatomic ion channel activity","11/816","61/18496",6.38616354539314e-05,0.00142739385190274,0.00119184161757551,"GABRB2/GABRA2/GRIN2A/HTR3A/CHRNA6/CHRNE/GLRA3/GRIA1/GABRB3/GABRA4/CHRNA2",11
"MF","GO:0022835","transmitter-gated channel activity","11/816","61/18496",6.38616354539314e-05,0.00142739385190274,0.00119184161757551,"GABRB2/GABRA2/GRIN2A/HTR3A/CHRNA6/CHRNE/GLRA3/GRIA1/GABRB3/GABRA4/CHRNA2",11
"MF","GO:0098960","postsynaptic neurotransmitter receptor activity","12/816","72/18496",6.72309020428243e-05,0.00146315673656357,0.00122170281828512,"GABRB2/GABRA2/GRIN2A/HTR3A/CHRNA6/CHRNE/GLRA3/GRIA1/CHRM2/GABRA4/CHRNA2/DRD1",12
"MF","GO:0019955","cytokine binding","18/816","145/18496",7.15246016257957e-05,0.00151668834729572,0.00126640050381976,"IL1RN/CXCR2/IL13RA2/IL1R1/ZFP36/IL1R2/GREM1/PRLR/IL36RN/MMP8/ITGA4/SOST/CCR2/CHRDL2/CXCR1/CD36/CRLF1/THBS1",18
"MF","GO:0005216","monoatomic ion channel activity","38/816","443/18496",7.44657313792495e-05,0.00153957899626598,0.00128551367854704,"PKD2L1/KCNMA1/KCNE1/KCNJ15/ANO4/SCN1B/TRPV4/KCNH1/CACNA2D1/GABRB2/KCNA4/NOX5/GABRA2/SLC17A3/GRIN2A/ATP5MGL/HTR3A/KCNK1/KCNB2/SLC17A6/CHRNA6/CHRNE/GLRA3/CLCA2/KCNC2/GRIA1/CNGA1/SLC24A2/KCNH6/KCNH5/GABRB3/CNGB1/KCNS2/GABRA4/CHRNA2/SCN1A/KCNJ3/SNAP25",38
"MF","GO:0015276","ligand-gated monoatomic ion channel activity","18/816","146/18496",7.82898440256891e-05,0.00157916343924987,0.00131856579411687,"KCNJ15/GABRB2/GABRA2/GRIN2A/HTR3A/KCNK1/CHRNA6/CHRNE/GLRA3/CLCA2/GRIA1/CNGA1/KCNH6/GABRB3/CNGB1/GABRA4/CHRNA2/KCNJ3",18
"MF","GO:0022834","ligand-gated channel activity","18/816","147/18496",8.56136536921775e-05,0.0016857736096055,0.00140758287774608,"KCNJ15/GABRB2/GABRA2/GRIN2A/HTR3A/KCNK1/CHRNA6/CHRNE/GLRA3/CLCA2/GRIA1/CNGA1/KCNH6/GABRB3/CNGB1/GABRA4/CHRNA2/KCNJ3",18
"MF","GO:0033218","amide binding","35/816","405/18496",0.000122393961075134,0.00235394897230549,0.00196549420967657,"CD209/FOLR2/PPARG/FCGR2B/PFDN4/MSR1/HLA-DQB2/FPR2/LILRB2/HLA-DQA2/HLA-DPA1/CRIP1/PRLR/TRHDE/GPR149/HLA-DMB/GRIN2A/CD300LF/MAS1/CRHBP/PTH2R/CD36/NPFFR2/HLA-DMA/KDELR3/INHBA/BDKRB1/GRIA1/AVPR2/GLP2R/GPR171/NPR3/FOLR3/CD1C/MCHR1",35
"MF","GO:1904315","transmitter-gated monoatomic ion channel activity involved in regulation of postsynaptic membrane potential","10/816","55/18496",0.000127240668253907,0.00238351976229544,0.00199018515123249,"GABRB2/GABRA2/GRIN2A/HTR3A/CHRNA6/CHRNE/GLRA3/GRIA1/GABRA4/CHRNA2",10
"MF","GO:0099589","serotonin receptor activity","7/816","27/18496",0.000129695754901203,0.00238351976229544,0.00199018515123249,"HRH2/HTR3A/HTR6/CHRM2/HTR5A/HTR7/HTR2B",7
"MF","GO:0005179","hormone activity","16/816","126/18496",0.000135676835593581,0.00243923354425852,0.00203670490044369,"IGF1/TRH/ADM/CALCA/NTS/PPY/KNG1/LEP/NPPC/VIP/GRP/OXT/INHBA/GAST/GAL/HAMP",16
"MF","GO:0004866","endopeptidase inhibitor activity","19/816","168/18496",0.000160512861443839,0.00282434332795861,0.00235826286914128,"CSTA/SPOCK1/SERPINI1/AMBP/HMSD/CST7/CST6/CST1/KNG1/SERPINB2/RARRES1/SLPI/SERPINA3/PI3/SPOCK3/BIRC7/SPINK1/LTF/THBS1",19
"MF","GO:0004869","cysteine-type endopeptidase inhibitor activity","8/816","37/18496",0.000171291717735815,0.00292803463570479,0.00244484276843677,"CSTA/SPOCK1/CST7/CST6/CST1/KNG1/BIRC7/LTF",8
"MF","GO:0099529","neurotransmitter receptor activity involved in regulation of postsynaptic membrane potential","10/816","57/18496",0.000173486937302944,0.00292803463570479,0.00244484276843677,"GABRB2/GABRA2/GRIN2A/HTR3A/CHRNA6/CHRNE/GLRA3/GRIA1/GABRA4/CHRNA2",10
"MF","GO:0061135","endopeptidase regulator activity","20/816","184/18496",0.000187592724649158,0.00310278366569708,0.00259075426041785,"CSTA/SPOCK1/SERPINI1/AMBP/HMSD/CST7/CST6/CST1/KNG1/SERPINB2/RARRES1/SLPI/SERPINA3/PI3/SPOCK3/BIRC7/SPINK1/LTF/THBS1/SFRP2",20
"MF","GO:0005326","neurotransmitter transmembrane transporter activity","6/816","21/18496",0.000222138618446696,0.00353593831366204,0.00295242860531063,"SLC18A3/SLC6A15/SLC17A6/SLC22A2/SLC6A3/CPLX3",6
"MF","GO:1901681","sulfur compound binding","26/816","275/18496",0.000222332276070648,0.00353593831366204,0.00295242860531063,"FTL/FGF10/CCL8/CTSG/CCN3/GPNMB/SFRP1/CXCL8/ACP5/MPO/RSPO1/FGF7/RSPO3/KNG1/SAA1/SELP/PF4V1/CXCL6/SOST/HS3ST5/TH/ELSPBP1/CCL7/COL17A1/LTF/THBS1",26
"MF","GO:0004175","endopeptidase activity","33/816","389/18496",0.000265872864191324,0.00414861997521179,0.00346400395053641,"PRSS21/ADAMDEC1/LGMN/TPSB2/CTSG/GZMB/HTRA4/CFD/GZMA/CTSC/KLK4/SFRP1/TPSAB1/PLAU/PCSK1/CAPN3/TMPRSS13/GZMK/CTRB2/MMP10/CASP5/MMP8/MMP19/TPSD1/CLCA2/CLC/LTF/PRTN3/MMP3/GZMH/KLK5/ST14/KLK6",33
"MF","GO:0030414","peptidase inhibitor activity","19/816","175/18496",0.000272994775444478,0.00418086443134413,0.00349092734291574,"CSTA/SPOCK1/SERPINI1/AMBP/HMSD/CST7/CST6/CST1/KNG1/SERPINB2/RARRES1/SLPI/SERPINA3/PI3/SPOCK3/BIRC7/SPINK1/LTF/THBS1",19
"MF","GO:0004993","G protein-coupled serotonin receptor activity","6/816","22/18496",0.000294110756057416,0.0043232527722162,0.00360981839059865,"HRH2/HTR6/CHRM2/HTR5A/HTR7/HTR2B",6
"MF","GO:0008083","growth factor activity","18/816","162/18496",0.000294732677364193,0.0043232527722162,0.00360981839059865,"FGF10/IL10/IGF1/CCN3/HGF/CXCL12/OSM/FGF7/IL6/EREG/DKK1/AREG/BMP3/INHBA/FGF13/BMP5/GDF6/CSF3",18
"MF","GO:0048020","CCR chemokine receptor binding","9/816","50/18496",0.000297975100382495,0.0043232527722162,0.00360981839059865,"CCL8/CCL24/CCL20/CCR2/CCL13/CCL7/XCL1/XCL2/CCL2",9
"MF","GO:0005230","extracellular ligand-gated monoatomic ion channel activity","11/816","74/18496",0.000379284652565904,0.00540807599434487,0.004515621271928,"GABRB2/GABRA2/GRIN2A/HTR3A/CHRNA6/CHRNE/GLRA3/GRIA1/GABRB3/GABRA4/CHRNA2",11
"MF","GO:0005249","voltage-gated potassium channel activity","13/816","99/18496",0.000404465874097033,0.00566937759115672,0.00473380220174226,"KCNMA1/KCNE1/KCNJ15/KCNH1/KCNA4/KCNK1/KCNB2/KCNC2/KCNH6/KCNH5/KCNS2/KCNJ3/SNAP25",13
"MF","GO:0061134","peptidase regulator activity","22/816","228/18496",0.000498829502353201,0.00687553330743495,0.00574091497445087,"CSTA/CTSC/SPOCK1/SERPINI1/AMBP/HMSD/CST7/CST6/NLRP12/CST1/KNG1/SERPINB2/RARRES1/SLPI/SERPINA3/PI3/SPOCK3/BIRC7/SPINK1/LTF/THBS1/SFRP2",22
"MF","GO:0004955","prostaglandin receptor activity","4/816","10/18496",0.000637941618425987,0.0086058327417681,0.00718567590988338,"PPARG/PTGER4/PTGFR/PTGER3",4
"MF","GO:0005149","interleukin-1 receptor binding","5/816","17/18496",0.00065558338903433,0.0086058327417681,0.00718567590988338,"IL1A/IL1RN/IL1B/IL36B/IL36RN",5
"MF","GO:0036041","long-chain fatty acid binding","5/816","17/18496",0.00065558338903433,0.0086058327417681,0.00718567590988338,"PPARG/S100A8/S100A9/ALOX5AP/FABP4",5
"MF","GO:0048306","calcium-dependent protein binding","11/816","79/18496",0.000671645606635589,0.00867892057324425,0.0072467025979103,"S100A8/S100A9/S100A7/S100P/TNNI3/S100A12/SELP/NOS1/STMN2/CD177/SNAP25",11
"MF","GO:0005261","monoatomic cation channel activity","28/816","333/18496",0.000863955435795653,0.0109921714677385,0.00917821483209633,"PKD2L1/KCNMA1/KCNE1/KCNJ15/SCN1B/TRPV4/KCNH1/CACNA2D1/KCNA4/NOX5/GRIN2A/ATP5MGL/HTR3A/KCNK1/KCNB2/CHRNA6/CHRNE/KCNC2/CNGA1/SLC24A2/KCNH6/KCNH5/CNGB1/KCNS2/CHRNA2/SCN1A/KCNJ3/SNAP25",28
"MF","GO:0004954","prostanoid receptor activity","4/816","11/18496",0.000967581358714309,0.012049207157359,0.0100608157515784,"PPARG/PTGER4/PTGFR/PTGER3",4
"MF","GO:0005267","potassium channel activity","14/816","122/18496",0.000976175186871894,0.012049207157359,0.0100608157515784,"PKD2L1/KCNMA1/KCNE1/KCNJ15/KCNH1/KCNA4/KCNK1/KCNB2/KCNC2/KCNH6/KCNH5/KCNS2/KCNJ3/SNAP25",14
"MF","GO:0023023","MHC protein complex binding","7/816","37/18496",0.00102403125890759,0.0124540272223026,0.0103988313598046,"HLA-DQB2/LILRB2/HLA-DQA2/HLA-DPA1/HLA-DMB/HLA-DMA/KLRC1",7
"MF","GO:0099095","ligand-gated monoatomic anion channel activity","5/816","19/18496",0.00114469393261223,0.0135547493968501,0.0113179095072026,"GABRB2/GABRA2/GLRA3/GABRB3/GABRA4",5
"MF","GO:0070851","growth factor receptor binding","15/816","138/18496",0.00114731857047099,0.0135547493968501,0.0113179095072026,"FGF10/IL1A/IL10/IL1RN/IL1R1/IL1B/IL36B/FGF7/GREM1/IL6/EREG/IL36RN/CD300LF/AREG/CSF3",15
"MF","GO:0005506","iron ion binding","16/816","153/18496",0.00120753245596581,0.0140652019870947,0.0117441258875252,"FTL/LCN2/CH25H/HBA1/HBA2/ACP5/CYGB/SNCA/ALOX15B/CYP7B1/TH/HBZ/CYP26A1/CYP1B1/P4HA3/LTF",16
"MF","GO:0008504","monoamine transmembrane transporter activity","4/816","12/18496",0.0014009256543004,0.0156269947871757,0.0130481875903866,"SLC18A2/SLC18A3/SLC22A2/SLC6A3",4
"MF","GO:0043176","amine binding","4/816","12/18496",0.0014009256543004,0.0156269947871757,0.0130481875903866,"HTR3A/HTR5A/HTR2B/SLC6A3",4
"MF","GO:0099508","voltage-gated monoatomic ion channel activity involved in regulation of presynaptic membrane potential","4/816","12/18496",0.0014009256543004,0.0156269947871757,0.0130481875903866,"KCNA4/KCNC2/SCN1A/KCNJ3",4
"MF","GO:0001530","lipopolysaccharide binding","7/816","39/18496",0.00141720025276684,0.0156269947871757,0.0130481875903866,"LY96/CAMP/CD14/RNASE3/SELP/LTF/BPI",7
"MF","GO:0015079","potassium ion transmembrane transporter activity","16/816","157/18496",0.00158441738344708,0.0172409628435623,0.0143958144534804,"PKD2L1/KCNMA1/KCNE1/KCNJ15/KCNH1/KCNA4/KCNK1/KCNB2/SLC17A6/KCNC2/SLC24A2/KCNH6/KCNH5/KCNS2/KCNJ3/SNAP25",16
"MF","GO:0005184","neuropeptide hormone activity","6/816","30/18496",0.00173191165339636,0.0183627043251127,0.0153324432473416,"NTS/PPY/VIP/GRP/OXT/GAL",6
"MF","GO:0160041","neuropeptide activity","6/816","30/18496",0.00173191165339636,0.0183627043251127,0.0153324432473416,"NTS/PPY/VIP/GRP/OXT/GAL",6
"MF","GO:0022851","GABA-gated chloride ion channel activity","4/816","13/18496",0.00195333569481092,0.0201926077451079,0.0168603712604732,"GABRB2/GABRA2/GABRB3/GABRA4",4
"MF","GO:0035325","Toll-like receptor binding","4/816","13/18496",0.00195333569481092,0.0201926077451079,0.0168603712604732,"S100A8/LY96/S100A9/CD36",4
"MF","GO:0046873","metal ion transmembrane transporter activity","33/816","441/18496",0.00225239753056046,0.0229967007132531,0.0192017255366818,"SLC38A4/PKD2L1/KCNMA1/SLC18A2/KCNE1/KCNJ15/SCN1B/TRPV4/ATP2B1/KCNH1/CACNA2D1/KCNA4/SLC17A3/GRIN2A/SLC6A15/KCNK1/KCNB2/SLC17A6/KCNC2/SLC24A2/KCNH6/KCNH5/KCNS2/SLC30A2/CLDN16/SLC5A1/NIPAL4/SLC6A3/TUSC3/SCN1A/SLC39A12/KCNJ3/SNAP25",33
"MF","GO:0140272","exogenous protein binding","10/816","80/18496",0.00266189530452003,0.0268461880102204,0.0224159604591161,"CD209/ALB/GYPA/CLEC5A/ITGB6/CD80/CR1/ICAM1/CLEC4G/NECTIN4",10
"MF","GO:0022843","voltage-gated monoatomic cation channel activity","15/816","153/18496",0.00318311130531906,0.0317160608373357,0.0264821942459011,"KCNMA1/KCNE1/KCNJ15/KCNH1/CACNA2D1/KCNA4/KCNK1/KCNB2/KCNC2/KCNH6/KCNH5/KCNS2/SCN1A/KCNJ3/SNAP25",15
"MF","GO:0004896","cytokine receptor activity","11/816","96/18496",0.00333497830469447,0.0321035663371161,0.0268057525833999,"FLT3/CXCR2/IL13RA2/IL1R1/IL21R/IL1R2/PRLR/CCR2/CXCR1/CRLF1/IL1RL2",11
"MF","GO:0005244","voltage-gated monoatomic ion channel activity","18/816","200/18496",0.00334638021402526,0.0321035663371161,0.0268057525833999,"KCNMA1/KCNE1/KCNJ15/SCN1B/KCNH1/CACNA2D1/KCNA4/SLC17A3/GRIN2A/KCNK1/KCNB2/KCNC2/KCNH6/KCNH5/KCNS2/SCN1A/KCNJ3/SNAP25",18
"MF","GO:0022832","voltage-gated channel activity","18/816","200/18496",0.00334638021402526,0.0321035663371161,0.0268057525833999,"KCNMA1/KCNE1/KCNJ15/SCN1B/KCNH1/CACNA2D1/KCNA4/SLC17A3/GRIN2A/KCNK1/KCNB2/KCNC2/KCNH6/KCNH5/KCNS2/SCN1A/KCNJ3/SNAP25",18
"MF","GO:0038187","pattern recognition receptor activity","6/816","34/18496",0.00337727965094208,0.0321035663371161,0.0268057525833999,"LY96/FCN1/CD14/CLEC4D/CD36/TLR8",6
"MF","GO:0004953","icosanoid receptor activity","4/816","15/18496",0.00347536193958504,0.0326605036822367,0.0272707826838252,"PPARG/PTGER4/PTGFR/PTGER3",4
"MF","GO:0005537","mannose binding","5/816","25/18496",0.00420052976224752,0.0390318889143674,0.0325907454054923,"CD209/ASGR2/CLEC4D/CLEC10A/CLEC4G",5
"MF","GO:0019841","retinol binding","4/816","16/18496",0.00447378138344956,0.0411090800456976,0.0343251530706773,"ADH4/RBP7/LRAT/RBP4",4
"MF","GO:0030280","structural constituent of skin epidermis","6/816","36/18496",0.00453941231702477,0.0412537800679064,0.0344459743200492,"KRT1/KRT36/KRT86/KRT6A/PI3/KRT81",6
